split,category,video_name,frame_count,min_frame,max_frame,label
Train,Abuse,Abuse001_x264,273,0,2720,1
Train,Abuse,Abuse002_x264,87,0,860,1
Train,Abuse,Abuse003_x264,370,0,3690,1
Train,Abuse,Abuse004_x264,1680,0,16790,1
Train,Abuse,Abuse005_x264,95,0,940,1
Train,Abuse,Abuse006_x264,438,0,4370,1
Train,Abuse,Abuse007_x264,115,0,1140,1
Train,Abuse,Abuse008_x264,841,0,8400,1
Train,Abuse,Abuse009_x264,101,0,1000,1
Train,Abuse,Abuse010_x264,114,0,1130,1
Train,Abuse,Abuse011_x264,365,0,3640,1
Train,Abuse,Abuse012_x264,513,0,5120,1
Train,Abuse,Abuse013_x264,487,0,4860,1
Train,Abuse,Abuse014_x264,259,0,2580,1
Train,Abuse,Abuse015_x264,788,0,7870,1
Train,Abuse,Abuse016_x264,141,0,1400,1
Train,Abuse,Abuse017_x264,192,0,1910,1
Train,Abuse,Abuse018_x264,243,0,2420,1
Train,Abuse,Abuse019_x264,395,0,3940,1
Train,Abuse,Abuse020_x264,311,0,3100,1
Train,Abuse,Abuse021_x264,192,0,1910,1
Train,Abuse,Abuse022_x264,284,0,2830,1
Train,Abuse,Abuse023_x264,100,0,990,1
Train,Abuse,Abuse024_x264,103,0,1020,1
Train,Abuse,Abuse025_x264,204,0,2030,1
Train,Abuse,Abuse026_x264,199,0,1980,1
Train,Abuse,Abuse027_x264,438,0,4370,1
Train,Abuse,Abuse029_x264,30,0,290,1
Train,Abuse,Abuse031_x264,445,0,4440,1
Train,Abuse,Abuse032_x264,475,0,4740,1
Train,Abuse,Abuse033_x264,284,0,2830,1
Train,Abuse,Abuse034_x264,157,0,1560,1
Train,Abuse,Abuse035_x264,266,0,2650,1
Train,Abuse,Abuse036_x264,471,0,4700,1
Train,Abuse,Abuse037_x264,180,0,1790,1
Train,Abuse,Abuse038_x264,90,0,890,1
Train,Abuse,Abuse039_x264,1415,0,14140,1
Train,Abuse,Abuse040_x264,342,0,3410,1
Train,Abuse,Abuse041_x264,139,0,1380,1
Train,Abuse,Abuse042_x264,2848,0,28470,1
Train,Abuse,Abuse043_x264,387,0,3860,1
Train,Abuse,Abuse044_x264,394,0,3930,1
Train,Abuse,Abuse045_x264,509,0,5080,1
Train,Abuse,Abuse046_x264,116,0,1150,1
Train,Abuse,Abuse047_x264,157,0,1560,1
Train,Abuse,Abuse048_x264,342,0,3410,1
Train,Abuse,Abuse049_x264,214,0,2130,1
Train,Abuse,Abuse050_x264,487,0,4860,1
Train,Arrest,Arrest002_x264,179,0,1780,1
Train,Arrest,Arrest003_x264,306,0,3050,1
Train,Arrest,Arrest004_x264,361,0,3600,1
Train,Arrest,Arrest005_x264,369,0,3680,1
Train,Arrest,Arrest006_x264,309,0,3080,1
Train,Arrest,Arrest008_x264,639,0,6380,1
Train,Arrest,Arrest009_x264,172,0,1710,1
Train,Arrest,Arrest010_x264,263,0,2620,1
Train,Arrest,Arrest011_x264,222,0,2210,1
Train,Arrest,Arrest012_x264,1617,0,16160,1
Train,Arrest,Arrest013_x264,112,0,1110,1
Train,Arrest,Arrest014_x264,154,0,1530,1
Train,Arrest,Arrest015_x264,98,0,970,1
Train,Arrest,Arrest016_x264,1059,0,10580,1
Train,Arrest,Arrest017_x264,344,0,3430,1
Train,Arrest,Arrest018_x264,244,0,2430,1
Train,Arrest,Arrest019_x264,140,0,1390,1
Train,Arrest,Arrest020_x264,295,0,2940,1
Train,Arrest,Arrest021_x264,874,0,8730,1
Train,Arrest,Arrest022_x264,160,0,1590,1
Train,Arrest,Arrest023_x264,181,0,1800,1
Train,Arrest,Arrest025_x264,106,0,1050,1
Train,Arrest,Arrest026_x264,649,0,6480,1
Train,Arrest,Arrest027_x264,171,0,1700,1
Train,Arrest,Arrest028_x264,250,0,2490,1
Train,Arrest,Arrest029_x264,777,0,7760,1
Train,Arrest,Arrest031_x264,185,0,1840,1
Train,Arrest,Arrest032_x264,169,0,1680,1
Train,Arrest,Arrest033_x264,775,0,7740,1
Train,Arrest,Arrest034_x264,1162,0,11610,1
Train,Arrest,Arrest035_x264,619,0,6180,1
Train,Arrest,Arrest036_x264,383,0,3820,1
Train,Arrest,Arrest037_x264,214,0,2130,1
Train,Arrest,Arrest038_x264,220,0,2190,1
Train,Arrest,Arrest040_x264,178,0,1770,1
Train,Arrest,Arrest041_x264,385,0,3840,1
Train,Arrest,Arrest042_x264,159,0,1580,1
Train,Arrest,Arrest043_x264,1080,0,10790,1
Train,Arrest,Arrest044_x264,342,0,3410,1
Train,Arrest,Arrest046_x264,789,0,7880,1
Train,Arrest,Arrest047_x264,6306,0,63050,1
Train,Arrest,Arrest048_x264,408,0,4070,1
Train,Arrest,Arrest049_x264,1180,0,11790,1
Train,Arrest,Arrest050_x264,712,0,7110,1
Train,Arrest,Arrest051_x264,1080,0,10790,1
Train,Arson,Arson001_x264,419,0,4180,1
Train,Arson,Arson002_x264,444,0,4430,1
Train,Arson,Arson003_x264,402,0,4010,1
Train,Arson,Arson005_x264,118,0,1170,1
Train,Arson,Arson006_x264,282,0,2810,1
Train,Arson,Arson008_x264,122,0,1210,1
Train,Arson,Arson012_x264,90,0,890,1
Train,Arson,Arson013_x264,638,0,6370,1
Train,Arson,Arson014_x264,264,0,2630,1
Train,Arson,Arson015_x264,1023,0,10220,1
Train,Arson,Arson017_x264,139,0,1380,1
Train,Arson,Arson019_x264,12656,0,126550,1
Train,Arson,Arson020_x264,243,0,2420,1
Train,Arson,Arson021_x264,145,0,1440,1
Train,Arson,Arson023_x264,136,0,1350,1
Train,Arson,Arson024_x264,337,0,3360,1
Train,Arson,Arson025_x264,529,0,5280,1
Train,Arson,Arson026_x264,590,0,5890,1
Train,Arson,Arson027_x264,270,0,2690,1
Train,Arson,Arson028_x264,241,0,2400,1
Train,Arson,Arson029_x264,135,0,1340,1
Train,Arson,Arson030_x264,506,0,5050,1
Train,Arson,Arson031_x264,289,0,2880,1
Train,Arson,Arson032_x264,279,0,2780,1
Train,Arson,Arson034_x264,239,0,2380,1
Train,Arson,Arson036_x264,170,0,1690,1
Train,Arson,Arson037_x264,81,0,800,1
Train,Arson,Arson038_x264,74,0,730,1
Train,Arson,Arson039_x264,338,0,3370,1
Train,Arson,Arson040_x264,284,0,2830,1
Train,Arson,Arson042_x264,588,0,5870,1
Train,Arson,Arson044_x264,120,0,1190,1
Train,Arson,Arson045_x264,376,0,3750,1
Train,Arson,Arson046_x264,208,0,2070,1
Train,Arson,Arson047_x264,145,0,1440,1
Train,Arson,Arson048_x264,42,0,410,1
Train,Arson,Arson049_x264,39,0,380,1
Train,Arson,Arson050_x264,159,0,1580,1
Train,Arson,Arson051_x264,106,0,1050,1
Train,Arson,Arson052_x264,477,0,4760,1
Train,Arson,Arson053_x264,678,0,6770,1
Train,Assault,Assault001_x264,249,0,2480,1
Train,Assault,Assault002_x264,253,0,2520,1
Train,Assault,Assault003_x264,445,0,4440,1
Train,Assault,Assault004_x264,323,0,3220,1
Train,Assault,Assault005_x264,122,0,1210,1
Train,Assault,Assault007_x264,196,0,1950,1
Train,Assault,Assault008_x264,754,0,7530,1
Train,Assault,Assault009_x264,360,0,3590,1
Train,Assault,Assault012_x264,79,0,780,1
Train,Assault,Assault013_x264,238,0,2370,1
Train,Assault,Assault014_x264,191,0,1900,1
Train,Assault,Assault015_x264,149,0,1480,1
Train,Assault,Assault016_x264,662,0,6610,1
Train,Assault,Assault017_x264,245,0,2440,1
Train,Assault,Assault018_x264,37,0,360,1
Train,Assault,Assault019_x264,254,0,2530,1
Train,Assault,Assault020_x264,48,0,470,1
Train,Assault,Assault022_x264,252,0,2510,1
Train,Assault,Assault023_x264,102,0,1010,1
Train,Assault,Assault024_x264,45,0,440,1
Train,Assault,Assault025_x264,116,0,1150,1
Train,Assault,Assault026_x264,85,0,840,1
Train,Assault,Assault027_x264,695,0,6940,1
Train,Assault,Assault028_x264,264,0,2630,1
Train,Assault,Assault029_x264,61,0,600,1
Train,Assault,Assault030_x264,177,0,1760,1
Train,Assault,Assault031_x264,76,0,750,1
Train,Assault,Assault032_x264,58,0,570,1
Train,Assault,Assault033_x264,128,0,1270,1
Train,Assault,Assault034_x264,232,0,2310,1
Train,Assault,Assault035_x264,90,0,890,1
Train,Assault,Assault036_x264,92,0,910,1
Train,Assault,Assault037_x264,321,0,3200,1
Train,Assault,Assault038_x264,14,0,130,1
Train,Assault,Assault039_x264,30,0,290,1
Train,Assault,Assault040_x264,378,0,3770,1
Train,Assault,Assault041_x264,503,0,5020,1
Train,Assault,Assault042_x264,900,0,8990,1
Train,Assault,Assault044_x264,77,0,760,1
Train,Assault,Assault045_x264,112,0,1110,1
Train,Assault,Assault046_x264,96,0,950,1
Train,Assault,Assault047_x264,334,0,3330,1
Train,Assault,Assault048_x264,181,0,1800,1
Train,Assault,Assault049_x264,133,0,1320,1
Train,Assault,Assault050_x264,63,0,620,1
Train,Assault,Assault051_x264,61,0,600,1
Train,Assault,Assault052_x264,79,0,780,1
Train,RoadAccidents,RoadAccidents003_x264,149,0,1480,1
Train,RoadAccidents,RoadAccidents005_x264,23,0,220,1
Train,RoadAccidents,RoadAccidents006_x264,170,0,1690,1
Train,RoadAccidents,RoadAccidents007_x264,111,0,1100,1
Train,RoadAccidents,RoadAccidents008_x264,133,0,1320,1
Train,RoadAccidents,RoadAccidents013_x264,173,0,1720,1
Train,RoadAccidents,RoadAccidents014_x264,1190,0,11890,1
Train,RoadAccidents,RoadAccidents015_x264,135,0,1340,1
Train,RoadAccidents,RoadAccidents018_x264,152,0,1510,1
Train,RoadAccidents,RoadAccidents023_x264,351,0,3500,1
Train,RoadAccidents,RoadAccidents024_x264,595,0,5940,1
Train,RoadAccidents,RoadAccidents025_x264,119,0,1180,1
Train,RoadAccidents,RoadAccidents026_x264,79,0,780,1
Train,RoadAccidents,RoadAccidents027_x264,11,0,100,1
Train,RoadAccidents,RoadAccidents028_x264,60,0,590,1
Train,RoadAccidents,RoadAccidents029_x264,53,0,520,1
Train,RoadAccidents,RoadAccidents030_x264,129,0,1280,1
Train,RoadAccidents,RoadAccidents031_x264,219,0,2180,1
Train,RoadAccidents,RoadAccidents032_x264,227,0,2260,1
Train,RoadAccidents,RoadAccidents033_x264,59,0,580,1
Train,RoadAccidents,RoadAccidents034_x264,174,0,1730,1
Train,RoadAccidents,RoadAccidents035_x264,28,0,270,1
Train,RoadAccidents,RoadAccidents036_x264,132,0,1310,1
Train,RoadAccidents,RoadAccidents037_x264,219,0,2180,1
Train,RoadAccidents,RoadAccidents038_x264,51,0,500,1
Train,RoadAccidents,RoadAccidents039_x264,38,0,370,1
Train,RoadAccidents,RoadAccidents040_x264,195,0,1940,1
Train,RoadAccidents,RoadAccidents041_x264,24,0,230,1
Train,RoadAccidents,RoadAccidents042_x264,92,0,910,1
Train,RoadAccidents,RoadAccidents043_x264,19,0,180,1
Train,RoadAccidents,RoadAccidents044_x264,40,0,390,1
Train,RoadAccidents,RoadAccidents046_x264,67,0,660,1
Train,RoadAccidents,RoadAccidents047_x264,44,0,430,1
Train,RoadAccidents,RoadAccidents048_x264,243,0,2420,1
Train,RoadAccidents,RoadAccidents049_x264,74,0,730,1
Train,RoadAccidents,RoadAccidents050_x264,111,0,1100,1
Train,RoadAccidents,RoadAccidents051_x264,41,0,400,1
Train,RoadAccidents,RoadAccidents052_x264,37,0,360,1
Train,RoadAccidents,RoadAccidents053_x264,69,0,680,1
Train,RoadAccidents,RoadAccidents054_x264,126,0,1250,1
Train,RoadAccidents,RoadAccidents055_x264,84,0,830,1
Train,RoadAccidents,RoadAccidents056_x264,90,0,890,1
Train,RoadAccidents,RoadAccidents057_x264,209,0,2080,1
Train,RoadAccidents,RoadAccidents058_x264,68,0,670,1
Train,RoadAccidents,RoadAccidents059_x264,190,0,1890,1
Train,RoadAccidents,RoadAccidents060_x264,84,0,830,1
Train,RoadAccidents,RoadAccidents061_x264,67,0,660,1
Train,RoadAccidents,RoadAccidents062_x264,745,0,7440,1
Train,RoadAccidents,RoadAccidents063_x264,352,0,3510,1
Train,RoadAccidents,RoadAccidents064_x264,240,0,2390,1
Train,RoadAccidents,RoadAccidents065_x264,12,0,110,1
Train,RoadAccidents,RoadAccidents066_x264,161,0,1600,1
Train,RoadAccidents,RoadAccidents067_x264,121,0,1200,1
Train,RoadAccidents,RoadAccidents068_x264,178,0,1770,1
Train,RoadAccidents,RoadAccidents069_x264,33,0,320,1
Train,RoadAccidents,RoadAccidents070_x264,62,0,610,1
Train,RoadAccidents,RoadAccidents071_x264,64,0,630,1
Train,RoadAccidents,RoadAccidents072_x264,86,0,850,1
Train,RoadAccidents,RoadAccidents073_x264,57,0,560,1
Train,RoadAccidents,RoadAccidents074_x264,192,0,1910,1
Train,RoadAccidents,RoadAccidents075_x264,33,0,320,1
Train,RoadAccidents,RoadAccidents076_x264,239,0,2380,1
Train,RoadAccidents,RoadAccidents077_x264,168,0,1670,1
Train,RoadAccidents,RoadAccidents078_x264,671,0,6700,1
Train,RoadAccidents,RoadAccidents079_x264,135,0,1340,1
Train,RoadAccidents,RoadAccidents080_x264,130,0,1290,1
Train,RoadAccidents,RoadAccidents081_x264,109,0,1080,1
Train,RoadAccidents,RoadAccidents082_x264,137,0,1360,1
Train,RoadAccidents,RoadAccidents083_x264,120,0,1190,1
Train,RoadAccidents,RoadAccidents084_x264,88,0,870,1
Train,RoadAccidents,RoadAccidents085_x264,445,0,4440,1
Train,RoadAccidents,RoadAccidents086_x264,90,0,890,1
Train,RoadAccidents,RoadAccidents087_x264,426,0,4250,1
Train,RoadAccidents,RoadAccidents088_x264,143,0,1420,1
Train,RoadAccidents,RoadAccidents089_x264,111,0,1100,1
Train,RoadAccidents,RoadAccidents090_x264,179,0,1780,1
Train,RoadAccidents,RoadAccidents091_x264,134,0,1330,1
Train,RoadAccidents,RoadAccidents092_x264,170,0,1690,1
Train,RoadAccidents,RoadAccidents093_x264,180,0,1790,1
Train,RoadAccidents,RoadAccidents094_x264,181,0,1800,1
Train,RoadAccidents,RoadAccidents095_x264,116,0,1150,1
Train,RoadAccidents,RoadAccidents096_x264,71,0,700,1
Train,RoadAccidents,RoadAccidents097_x264,382,0,3810,1
Train,RoadAccidents,RoadAccidents098_x264,180,0,1790,1
Train,RoadAccidents,RoadAccidents099_x264,131,0,1300,1
Train,RoadAccidents,RoadAccidents100_x264,55,0,540,1
Train,RoadAccidents,RoadAccidents101_x264,27,0,260,1
Train,RoadAccidents,RoadAccidents102_x264,36,0,350,1
Train,RoadAccidents,RoadAccidents103_x264,126,0,1250,1
Train,RoadAccidents,RoadAccidents104_x264,562,0,5610,1
Train,RoadAccidents,RoadAccidents105_x264,216,0,2150,1
Train,RoadAccidents,RoadAccidents106_x264,239,0,2380,1
Train,RoadAccidents,RoadAccidents107_x264,107,0,1060,1
Train,RoadAccidents,RoadAccidents108_x264,460,0,4590,1
Train,RoadAccidents,RoadAccidents109_x264,403,0,4020,1
Train,RoadAccidents,RoadAccidents110_x264,46,0,450,1
Train,RoadAccidents,RoadAccidents111_x264,124,0,1230,1
Train,RoadAccidents,RoadAccidents112_x264,93,0,920,1
Train,RoadAccidents,RoadAccidents113_x264,181,0,1800,1
Train,RoadAccidents,RoadAccidents114_x264,170,0,1690,1
Train,RoadAccidents,RoadAccidents115_x264,196,0,1950,1
Train,RoadAccidents,RoadAccidents116_x264,61,0,600,1
Train,RoadAccidents,RoadAccidents117_x264,204,0,2030,1
Train,RoadAccidents,RoadAccidents118_x264,97,0,960,1
Train,RoadAccidents,RoadAccidents119_x264,183,0,1820,1
Train,RoadAccidents,RoadAccidents120_x264,184,0,1830,1
Train,RoadAccidents,RoadAccidents126_x264,122,0,1210,1
Train,RoadAccidents,RoadAccidents129_x264,26,0,250,1
Train,RoadAccidents,RoadAccidents130_x264,128,0,1270,1
Train,RoadAccidents,RoadAccidents134_x264,28,0,270,1
Train,RoadAccidents,RoadAccidents135_x264,122,0,1210,1
Train,RoadAccidents,RoadAccidents136_x264,289,0,2880,1
Train,RoadAccidents,RoadAccidents137_x264,101,0,1000,1
Train,RoadAccidents,RoadAccidents138_x264,97,0,960,1
Train,RoadAccidents,RoadAccidents139_x264,364,0,3630,1
Train,RoadAccidents,RoadAccidents140_x264,198,0,1970,1
Train,RoadAccidents,RoadAccidents141_x264,263,0,2620,1
Train,RoadAccidents,RoadAccidents142_x264,432,0,4310,1
Train,RoadAccidents,RoadAccidents143_x264,89,0,880,1
Train,RoadAccidents,RoadAccidents144_x264,87,0,860,1
Train,RoadAccidents,RoadAccidents145_x264,117,0,1160,1
Train,RoadAccidents,RoadAccidents146_x264,110,0,1090,1
Train,RoadAccidents,RoadAccidents147_x264,1061,0,10600,1
Train,RoadAccidents,RoadAccidents148_x264,1806,0,18050,1
Train,RoadAccidents,RoadAccidents149_x264,215,0,2140,1
Train,RoadAccidents,RoadAccidents150_x264,150,0,1490,1
Train,RoadAccidents,RoadAccidents151_x264,85,0,840,1
Train,Burglary,Burglary001_x264,397,0,3960,1
Train,Burglary,Burglary002_x264,307,0,3060,1
Train,Burglary,Burglary003_x264,118,0,1170,1
Train,Burglary,Burglary004_x264,179,0,1780,1
Train,Burglary,Burglary006_x264,894,0,8930,1
Train,Burglary,Burglary007_x264,109,0,1080,1
Train,Burglary,Burglary008_x264,492,0,4910,1
Train,Burglary,Burglary009_x264,256,0,2550,1
Train,Burglary,Burglary010_x264,589,0,5880,1
Train,Burglary,Burglary011_x264,197,0,1960,1
Train,Burglary,Burglary012_x264,170,0,1690,1
Train,Burglary,Burglary013_x264,224,0,2230,1
Train,Burglary,Burglary014_x264,258,0,2570,1
Train,Burglary,Burglary015_x264,113,0,1120,1
Train,Burglary,Burglary016_x264,526,0,5250,1
Train,Burglary,Burglary019_x264,290,0,2890,1
Train,Burglary,Burglary020_x264,331,0,3300,1
Train,Burglary,Burglary022_x264,284,0,2830,1
Train,Burglary,Burglary023_x264,995,0,9940,1
Train,Burglary,Burglary025_x264,622,0,6210,1
Train,Burglary,Burglary026_x264,154,0,1530,1
Train,Burglary,Burglary027_x264,310,0,3090,1
Train,Burglary,Burglary028_x264,96,0,950,1
Train,Burglary,Burglary029_x264,503,0,5020,1
Train,Burglary,Burglary030_x264,90,0,890,1
Train,Burglary,Burglary031_x264,626,0,6250,1
Train,Burglary,Burglary034_x264,128,0,1270,1
Train,Burglary,Burglary036_x264,101,0,1000,1
Train,Burglary,Burglary038_x264,90,0,890,1
Train,Burglary,Burglary039_x264,943,0,9420,1
Train,Burglary,Burglary040_x264,571,0,5700,1
Train,Burglary,Burglary041_x264,182,0,1810,1
Train,Burglary,Burglary042_x264,424,0,4230,1
Train,Burglary,Burglary043_x264,54,0,530,1
Train,Burglary,Burglary044_x264,686,0,6850,1
Train,Burglary,Burglary045_x264,1096,0,10950,1
Train,Burglary,Burglary046_x264,229,0,2280,1
Train,Burglary,Burglary047_x264,276,0,2750,1
Train,Burglary,Burglary048_x264,165,0,1640,1
Train,Burglary,Burglary049_x264,922,0,9210,1
Train,Burglary,Burglary050_x264,115,0,1140,1
Train,Burglary,Burglary051_x264,127,0,1260,1
Train,Burglary,Burglary052_x264,998,0,9970,1
Train,Burglary,Burglary053_x264,328,0,3270,1
Train,Burglary,Burglary054_x264,45,0,440,1
Train,Burglary,Burglary055_x264,282,0,2810,1
Train,Burglary,Burglary056_x264,142,0,1410,1
Train,Burglary,Burglary057_x264,554,0,5530,1
Train,Burglary,Burglary058_x264,1143,0,11420,1
Train,Burglary,Burglary059_x264,45,0,440,1
Train,Burglary,Burglary060_x264,77,0,760,1
Train,Burglary,Burglary062_x264,1126,0,11250,1
Train,Burglary,Burglary063_x264,425,0,4240,1
Train,Burglary,Burglary064_x264,4863,0,48620,1
Train,Burglary,Burglary065_x264,938,0,9370,1
Train,Burglary,Burglary066_x264,221,0,2200,1
Train,Burglary,Burglary067_x264,132,0,1310,1
Train,Burglary,Burglary068_x264,67,0,660,1
Train,Burglary,Burglary069_x264,211,0,2100,1
Train,Burglary,Burglary070_x264,80,0,790,1
Train,Burglary,Burglary071_x264,359,0,3580,1
Train,Burglary,Burglary072_x264,255,0,2540,1
Train,Burglary,Burglary073_x264,277,0,2760,1
Train,Burglary,Burglary074_x264,224,0,2230,1
Train,Burglary,Burglary075_x264,1560,0,15590,1
Train,Burglary,Burglary077_x264,191,0,1900,1
Train,Burglary,Burglary078_x264,30,0,290,1
Train,Burglary,Burglary080_x264,116,0,1150,1
Train,Burglary,Burglary081_x264,42,0,410,1
Train,Burglary,Burglary082_x264,278,0,2770,1
Train,Burglary,Burglary083_x264,588,0,5870,1
Train,Burglary,Burglary084_x264,452,0,4510,1
Train,Burglary,Burglary085_x264,288,0,2870,1
Train,Burglary,Burglary086_x264,325,0,3240,1
Train,Burglary,Burglary087_x264,222,0,2210,1
Train,Burglary,Burglary088_x264,488,0,4870,1
Train,Burglary,Burglary089_x264,336,0,3350,1
Train,Burglary,Burglary090_x264,277,0,2760,1
Train,Burglary,Burglary091_x264,333,0,3320,1
Train,Burglary,Burglary093_x264,77,0,760,1
Train,Burglary,Burglary094_x264,145,0,1440,1
Train,Burglary,Burglary095_x264,4066,0,40650,1
Train,Burglary,Burglary096_x264,663,0,6620,1
Train,Burglary,Burglary097_x264,30,0,290,1
Train,Burglary,Burglary098_x264,91,0,900,1
Train,Burglary,Burglary099_x264,134,0,1330,1
Train,Burglary,Burglary100_x264,741,0,7400,1
Train,Explosion,Explosion001_x264,64,0,630,1
Train,Explosion,Explosion003_x264,58,0,570,1
Train,Explosion,Explosion005_x264,70,0,690,1
Train,Explosion,Explosion006_x264,192,0,1910,1
Train,Explosion,Explosion009_x264,111,0,1100,1
Train,Explosion,Explosion012_x264,74,0,730,1
Train,Explosion,Explosion014_x264,130,0,1290,1
Train,Explosion,Explosion015_x264,88,0,870,1
Train,Explosion,Explosion018_x264,154,0,1530,1
Train,Explosion,Explosion019_x264,36,0,350,1
Train,Explosion,Explosion023_x264,234,0,2330,1
Train,Explosion,Explosion024_x264,126,0,1250,1
Train,Explosion,Explosion026_x264,259,0,2580,1
Train,Explosion,Explosion030_x264,325,0,3240,1
Train,Explosion,Explosion032_x264,212,0,2110,1
Train,Explosion,Explosion034_x264,42,0,410,1
Train,Explosion,Explosion037_x264,97,0,960,1
Train,Explosion,Explosion038_x264,271,0,2700,1
Train,Explosion,Explosion040_x264,458,0,4570,1
Train,Explosion,Explosion041_x264,276,0,2750,1
Train,Explosion,Explosion042_x264,277,0,2760,1
Train,Explosion,Explosion044_x264,72,0,710,1
Train,Explosion,Explosion045_x264,76,0,750,1
Train,Explosion,Explosion046_x264,14190,0,141890,1
Train,Explosion,Explosion047_x264,139,0,1380,1
Train,Explosion,Explosion048_x264,46,0,450,1
Train,Explosion,Explosion050_x264,28,0,270,1
Train,Explosion,Explosion051_x264,282,0,2810,1
Train,Explosion,Explosion052_x264,366,0,3650,1
Train,Fighting,Fighting002_x264,269,0,2680,1
Train,Fighting,Fighting004_x264,1678,0,16770,1
Train,Fighting,Fighting005_x264,179,0,1780,1
Train,Fighting,Fighting006_x264,95,0,940,1
Train,Fighting,Fighting007_x264,380,0,3790,1
Train,Fighting,Fighting008_x264,1314,0,13130,1
Train,Fighting,Fighting009_x264,214,0,2130,1
Train,Fighting,Fighting010_x264,587,0,5860,1
Train,Fighting,Fighting011_x264,824,0,8230,1
Train,Fighting,Fighting012_x264,117,0,1160,1
Train,Fighting,Fighting013_x264,144,0,1430,1
Train,Fighting,Fighting014_x264,471,0,4700,1
Train,Fighting,Fighting015_x264,993,0,9920,1
Train,Fighting,Fighting016_x264,291,0,2900,1
Train,Fighting,Fighting017_x264,208,0,2070,1
Train,Fighting,Fighting019_x264,322,0,3210,1
Train,Fighting,Fighting020_x264,221,0,2200,1
Train,Fighting,Fighting021_x264,357,0,3560,1
Train,Fighting,Fighting022_x264,436,0,4350,1
Train,Fighting,Fighting023_x264,103,0,1020,1
Train,Fighting,Fighting024_x264,655,0,6540,1
Train,Fighting,Fighting025_x264,479,0,4780,1
Train,Fighting,Fighting026_x264,351,0,3500,1
Train,Fighting,Fighting027_x264,386,0,3850,1
Train,Fighting,Fighting028_x264,243,0,2420,1
Train,Fighting,Fighting029_x264,438,0,4370,1
Train,Fighting,Fighting030_x264,225,0,2240,1
Train,Fighting,Fighting031_x264,901,0,9000,1
Train,Fighting,Fighting032_x264,135,0,1340,1
Train,Fighting,Fighting034_x264,627,0,6260,1
Train,Fighting,Fighting035_x264,97,0,960,1
Train,Fighting,Fighting036_x264,378,0,3770,1
Train,Fighting,Fighting037_x264,436,0,4350,1
Train,Fighting,Fighting038_x264,81,0,800,1
Train,Fighting,Fighting039_x264,683,0,6820,1
Train,Fighting,Fighting040_x264,233,0,2320,1
Train,Fighting,Fighting041_x264,3165,0,31640,1
Train,Fighting,Fighting043_x264,315,0,3140,1
Train,Fighting,Fighting044_x264,629,0,6280,1
Train,Fighting,Fighting045_x264,592,0,5910,1
Train,Fighting,Fighting046_x264,300,0,2990,1
Train,Fighting,Fighting048_x264,689,0,6880,1
Train,Fighting,Fighting049_x264,155,0,1540,1
Train,Fighting,Fighting050_x264,2627,0,26260,1
Train,Fighting,Fighting051_x264,661,0,6600,1
Train,Robbery,Robbery001_x264,99,0,980,1
Train,Robbery,Robbery002_x264,321,0,3200,1
Train,Robbery,Robbery003_x264,99,0,980,1
Train,Robbery,Robbery004_x264,153,0,1520,1
Train,Robbery,Robbery005_x264,276,0,2750,1
Train,Robbery,Robbery006_x264,340,0,3390,1
Train,Robbery,Robbery007_x264,207,0,2060,1
Train,Robbery,Robbery008_x264,226,0,2250,1
Train,Robbery,Robbery009_x264,321,0,3200,1
Train,Robbery,Robbery010_x264,307,0,3060,1
Train,Robbery,Robbery011_x264,163,0,1620,1
Train,Robbery,Robbery012_x264,75,0,740,1
Train,Robbery,Robbery013_x264,364,0,3630,1
Train,Robbery,Robbery014_x264,1528,0,15270,1
Train,Robbery,Robbery015_x264,274,0,2730,1
Train,Robbery,Robbery016_x264,166,0,1650,1
Train,Robbery,Robbery017_x264,436,0,4350,1
Train,Robbery,Robbery018_x264,288,0,2870,1
Train,Robbery,Robbery019_x264,577,0,5760,1
Train,Robbery,Robbery020_x264,441,0,4400,1
Train,Robbery,Robbery021_x264,823,0,8220,1
Train,Robbery,Robbery022_x264,352,0,3510,1
Train,Robbery,Robbery023_x264,112,0,1110,1
Train,Robbery,Robbery024_x264,240,0,2390,1
Train,Robbery,Robbery025_x264,147,0,1460,1
Train,Robbery,Robbery026_x264,1312,0,13110,1
Train,Robbery,Robbery027_x264,540,0,5390,1
Train,Robbery,Robbery028_x264,235,0,2340,1
Train,Robbery,Robbery029_x264,219,0,2180,1
Train,Robbery,Robbery030_x264,298,0,2970,1
Train,Robbery,Robbery031_x264,111,0,1100,1
Train,Robbery,Robbery032_x264,540,0,5390,1
Train,Robbery,Robbery033_x264,95,0,940,1
Train,Robbery,Robbery034_x264,634,0,6330,1
Train,Robbery,Robbery035_x264,467,0,4660,1
Train,Robbery,Robbery036_x264,618,0,6170,1
Train,Robbery,Robbery037_x264,873,0,8720,1
Train,Robbery,Robbery038_x264,184,0,1830,1
Train,Robbery,Robbery039_x264,53,0,520,1
Train,Robbery,Robbery040_x264,105,0,1040,1
Train,Robbery,Robbery041_x264,137,0,1360,1
Train,Robbery,Robbery042_x264,218,0,2170,1
Train,Robbery,Robbery043_x264,104,0,1030,1
Train,Robbery,Robbery044_x264,47,0,460,1
Train,Robbery,Robbery045_x264,334,0,3330,1
Train,Robbery,Robbery046_x264,86,0,850,1
Train,Robbery,Robbery047_x264,153,0,1520,1
Train,Robbery,Robbery049_x264,198,0,1970,1
Train,Robbery,Robbery051_x264,160,0,1590,1
Train,Robbery,Robbery052_x264,361,0,3600,1
Train,Robbery,Robbery053_x264,184,0,1830,1
Train,Robbery,Robbery054_x264,198,0,1970,1
Train,Robbery,Robbery055_x264,956,0,9550,1
Train,Robbery,Robbery056_x264,277,0,2760,1
Train,Robbery,Robbery057_x264,215,0,2140,1
Train,Robbery,Robbery058_x264,176,0,1750,1
Train,Robbery,Robbery059_x264,966,0,9650,1
Train,Robbery,Robbery060_x264,211,0,2100,1
Train,Robbery,Robbery061_x264,369,0,3680,1
Train,Robbery,Robbery062_x264,361,0,3600,1
Train,Robbery,Robbery063_x264,214,0,2130,1
Train,Robbery,Robbery064_x264,142,0,1410,1
Train,Robbery,Robbery065_x264,240,0,2390,1
Train,Robbery,Robbery066_x264,479,0,4780,1
Train,Robbery,Robbery067_x264,400,0,3990,1
Train,Robbery,Robbery068_x264,40,0,390,1
Train,Robbery,Robbery069_x264,69,0,680,1
Train,Robbery,Robbery070_x264,60,0,590,1
Train,Robbery,Robbery071_x264,157,0,1560,1
Train,Robbery,Robbery072_x264,140,0,1390,1
Train,Robbery,Robbery073_x264,751,0,7500,1
Train,Robbery,Robbery074_x264,79,0,780,1
Train,Robbery,Robbery075_x264,293,0,2920,1
Train,Robbery,Robbery076_x264,78,0,770,1
Train,Robbery,Robbery077_x264,114,0,1130,1
Train,Robbery,Robbery078_x264,241,0,2400,1
Train,Robbery,Robbery079_x264,75,0,740,1
Train,Robbery,Robbery080_x264,248,0,2470,1
Train,Robbery,Robbery081_x264,550,0,5490,1
Train,Robbery,Robbery082_x264,158,0,1570,1
Train,Robbery,Robbery083_x264,97,0,960,1
Train,Robbery,Robbery084_x264,322,0,3210,1
Train,Robbery,Robbery085_x264,188,0,1870,1
Train,Robbery,Robbery086_x264,721,0,7200,1
Train,Robbery,Robbery087_x264,101,0,1000,1
Train,Robbery,Robbery088_x264,473,0,4720,1
Train,Robbery,Robbery089_x264,28,0,270,1
Train,Robbery,Robbery090_x264,672,0,6710,1
Train,Robbery,Robbery091_x264,191,0,1900,1
Train,Robbery,Robbery092_x264,85,0,840,1
Train,Robbery,Robbery093_x264,117,0,1160,1
Train,Robbery,Robbery094_x264,374,0,3730,1
Train,Robbery,Robbery095_x264,127,0,1260,1
Train,Robbery,Robbery096_x264,404,0,4030,1
Train,Robbery,Robbery097_x264,354,0,3530,1
Train,Robbery,Robbery098_x264,1211,0,12100,1
Train,Robbery,Robbery099_x264,161,0,1600,1
Train,Robbery,Robbery100_x264,449,0,4480,1
Train,Robbery,Robbery101_x264,335,0,3340,1
Train,Robbery,Robbery103_x264,219,0,2180,1
Train,Robbery,Robbery104_x264,175,0,1740,1
Train,Robbery,Robbery105_x264,186,0,1850,1
Train,Robbery,Robbery107_x264,169,0,1680,1
Train,Robbery,Robbery108_x264,144,0,1430,1
Train,Robbery,Robbery109_x264,303,0,3020,1
Train,Robbery,Robbery110_x264,255,0,2540,1
Train,Robbery,Robbery111_x264,571,0,5700,1
Train,Robbery,Robbery112_x264,138,0,1370,1
Train,Robbery,Robbery113_x264,82,0,810,1
Train,Robbery,Robbery114_x264,208,0,2070,1
Train,Robbery,Robbery115_x264,184,0,1830,1
Train,Robbery,Robbery116_x264,45,0,440,1
Train,Robbery,Robbery117_x264,336,0,3350,1
Train,Robbery,Robbery118_x264,196,0,1950,1
Train,Robbery,Robbery119_x264,307,0,3060,1
Train,Robbery,Robbery120_x264,96,0,950,1
Train,Robbery,Robbery121_x264,141,0,1400,1
Train,Robbery,Robbery122_x264,103,0,1020,1
Train,Robbery,Robbery123_x264,109,0,1080,1
Train,Robbery,Robbery124_x264,956,0,9550,1
Train,Robbery,Robbery125_x264,709,0,7080,1
Train,Robbery,Robbery126_x264,156,0,1550,1
Train,Robbery,Robbery127_x264,126,0,1250,1
Train,Robbery,Robbery128_x264,661,0,6600,1
Train,Robbery,Robbery129_x264,225,0,2240,1
Train,Robbery,Robbery130_x264,184,0,1830,1
Train,Robbery,Robbery131_x264,152,0,1510,1
Train,Robbery,Robbery132_x264,67,0,660,1
Train,Robbery,Robbery133_x264,179,0,1780,1
Train,Robbery,Robbery134_x264,63,0,620,1
Train,Robbery,Robbery135_x264,329,0,3280,1
Train,Robbery,Robbery136_x264,111,0,1100,1
Train,Robbery,Robbery138_x264,63,0,620,1
Train,Robbery,Robbery139_x264,99,0,980,1
Train,Robbery,Robbery140_x264,107,0,1060,1
Train,Robbery,Robbery141_x264,399,0,3980,1
Train,Robbery,Robbery142_x264,251,0,2500,1
Train,Robbery,Robbery143_x264,94,0,930,1
Train,Robbery,Robbery144_x264,81,0,800,1
Train,Robbery,Robbery145_x264,135,0,1340,1
Train,Robbery,Robbery146_x264,164,0,1630,1
Train,Robbery,Robbery147_x264,88,0,870,1
Train,Robbery,Robbery148_x264,362,0,3610,1
Train,Robbery,Robbery149_x264,126,0,1250,1
Train,Robbery,Robbery150_x264,371,0,3700,1
Train,Shooting,Shooting001_x264,26,0,250,1
Train,Shooting,Shooting003_x264,228,0,2270,1
Train,Shooting,Shooting005_x264,533,0,5320,1
Train,Shooting,Shooting006_x264,1308,0,13070,1
Train,Shooting,Shooting009_x264,517,0,5160,1
Train,Shooting,Shooting012_x264,189,0,1880,1
Train,Shooting,Shooting014_x264,641,0,6400,1
Train,Shooting,Shooting017_x264,95,0,940,1
Train,Shooting,Shooting020_x264,510,0,5090,1
Train,Shooting,Shooting023_x264,42,0,410,1
Train,Shooting,Shooting025_x264,245,0,2440,1
Train,Shooting,Shooting027_x264,71,0,700,1
Train,Shooting,Shooting029_x264,137,0,1360,1
Train,Shooting,Shooting030_x264,115,0,1140,1
Train,Shooting,Shooting031_x264,212,0,2110,1
Train,Shooting,Shooting036_x264,383,0,3820,1
Train,Shooting,Shooting038_x264,130,0,1290,1
Train,Shooting,Shooting039_x264,84,0,830,1
Train,Shooting,Shooting040_x264,86,0,850,1
Train,Shooting,Shooting041_x264,140,0,1390,1
Train,Shooting,Shooting042_x264,155,0,1540,1
Train,Shooting,Shooting044_x264,47,0,460,1
Train,Shooting,Shooting050_x264,383,0,3820,1
Train,Shooting,Shooting051_x264,140,0,1390,1
Train,Shooting,Shooting052_x264,557,0,5560,1
Train,Shooting,Shooting053_x264,92,0,910,1
Train,Shooting,Shooting054_x264,74,0,730,1
Train,Shoplifting,Shoplifting003_x264,1082,0,10810,1
Train,Shoplifting,Shoplifting006_x264,316,0,3150,1
Train,Shoplifting,Shoplifting008_x264,893,0,8920,1
Train,Shoplifting,Shoplifting009_x264,521,0,5200,1
Train,Shoplifting,Shoplifting012_x264,2344,0,23430,1
Train,Shoplifting,Shoplifting013_x264,203,0,2020,1
Train,Shoplifting,Shoplifting014_x264,6670,0,66690,1
Train,Shoplifting,Shoplifting018_x264,214,0,2130,1
Train,Shoplifting,Shoplifting019_x264,66,0,650,1
Train,Shoplifting,Shoplifting024_x264,121,0,1200,1
Train,Shoplifting,Shoplifting025_x264,183,0,1820,1
Train,Shoplifting,Shoplifting026_x264,141,0,1400,1
Train,Shoplifting,Shoplifting030_x264,2420,0,24190,1
Train,Shoplifting,Shoplifting032_x264,143,0,1420,1
Train,Shoplifting,Shoplifting036_x264,366,0,3650,1
Train,Shoplifting,Shoplifting038_x264,291,0,2900,1
Train,Shoplifting,Shoplifting040_x264,2721,0,27200,1
Train,Shoplifting,Shoplifting041_x264,1234,0,12330,1
Train,Shoplifting,Shoplifting042_x264,513,0,5120,1
Train,Shoplifting,Shoplifting043_x264,952,0,9510,1
Train,Shoplifting,Shoplifting045_x264,164,0,1630,1
Train,Shoplifting,Shoplifting047_x264,238,0,2370,1
Train,Shoplifting,Shoplifting048_x264,311,0,3100,1
Train,Shoplifting,Shoplifting050_x264,251,0,2500,1
Train,Shoplifting,Shoplifting051_x264,722,0,7210,1
Train,Shoplifting,Shoplifting052_x264,765,0,7640,1
Train,Shoplifting,Shoplifting053_x264,210,0,2090,1
Train,Shoplifting,Shoplifting054_x264,103,0,1020,1
Train,Shoplifting,Shoplifting055_x264,677,0,6760,1
Train,Stealing,Stealing002_x264,352,0,3510,1
Train,Stealing,Stealing003_x264,358,0,3570,1
Train,Stealing,Stealing004_x264,666,0,6650,1
Train,Stealing,Stealing006_x264,323,0,3220,1
Train,Stealing,Stealing007_x264,309,0,3080,1
Train,Stealing,Stealing008_x264,501,0,5000,1
Train,Stealing,Stealing009_x264,162,0,1610,1
Train,Stealing,Stealing010_x264,304,0,3030,1
Train,Stealing,Stealing011_x264,372,0,3710,1
Train,Stealing,Stealing012_x264,272,0,2710,1
Train,Stealing,Stealing013_x264,926,0,9250,1
Train,Stealing,Stealing014_x264,337,0,3360,1
Train,Stealing,Stealing015_x264,180,0,1790,1
Train,Stealing,Stealing016_x264,245,0,2440,1
Train,Stealing,Stealing017_x264,189,0,1880,1
Train,Stealing,Stealing018_x264,206,0,2050,1
Train,Stealing,Stealing020_x264,661,0,6600,1
Train,Stealing,Stealing021_x264,413,0,4120,1
Train,Stealing,Stealing022_x264,246,0,2450,1
Train,Stealing,Stealing023_x264,508,0,5070,1
Train,Stealing,Stealing024_x264,247,0,2460,1
Train,Stealing,Stealing025_x264,2182,0,21810,1
Train,Stealing,Stealing026_x264,276,0,2750,1
Train,Stealing,Stealing027_x264,191,0,1900,1
Train,Stealing,Stealing028_x264,177,0,1760,1
Train,Stealing,Stealing029_x264,41,0,400,1
Train,Stealing,Stealing030_x264,85,0,840,1
Train,Stealing,Stealing031_x264,109,0,1080,1
Train,Stealing,Stealing032_x264,540,0,5390,1
Train,Stealing,Stealing035_x264,1116,0,11150,1
Train,Stealing,Stealing037_x264,475,0,4740,1
Train,Stealing,Stealing042_x264,420,0,4190,1
Train,Stealing,Stealing043_x264,482,0,4810,1
Train,Stealing,Stealing044_x264,321,0,3200,1
Train,Stealing,Stealing045_x264,1067,0,10660,1
Train,Stealing,Stealing046_x264,1031,0,10300,1
Train,Stealing,Stealing047_x264,136,0,1350,1
Train,Stealing,Stealing048_x264,757,0,7560,1
Train,Stealing,Stealing049_x264,148,0,1470,1
Train,Stealing,Stealing050_x264,335,0,3340,1
Train,Stealing,Stealing051_x264,333,0,3320,1
Train,Stealing,Stealing052_x264,338,0,3370,1
Train,Stealing,Stealing053_x264,1306,0,13050,1
Train,Stealing,Stealing054_x264,267,0,2660,1
Train,Stealing,Stealing055_x264,162,0,1610,1
Train,Stealing,Stealing057_x264,302,0,3010,1
Train,Stealing,Stealing059_x264,224,0,2230,1
Train,Stealing,Stealing060_x264,152,0,1510,1
Train,Stealing,Stealing061_x264,241,0,2400,1
Train,Stealing,Stealing063_x264,1160,0,11590,1
Train,Stealing,Stealing065_x264,549,0,5480,1
Train,Stealing,Stealing066_x264,128,0,1270,1
Train,Stealing,Stealing067_x264,210,0,2090,1
Train,Stealing,Stealing068_x264,686,0,6850,1
Train,Stealing,Stealing069_x264,81,0,800,1
Train,Stealing,Stealing070_x264,135,0,1340,1
Train,Stealing,Stealing071_x264,97,0,960,1
Train,Stealing,Stealing072_x264,1162,0,11610,1
Train,Stealing,Stealing073_x264,153,0,1520,1
Train,Stealing,Stealing074_x264,240,0,2390,1
Train,Stealing,Stealing075_x264,563,0,5620,1
Train,Stealing,Stealing077_x264,1919,0,19180,1
Train,Stealing,Stealing078_x264,259,0,2580,1
Train,Stealing,Stealing080_x264,106,0,1050,1
Train,Stealing,Stealing081_x264,126,0,1250,1
Train,Stealing,Stealing082_x264,169,0,1680,1
Train,Stealing,Stealing083_x264,451,0,4500,1
Train,Stealing,Stealing084_x264,1573,0,15720,1
Train,Stealing,Stealing086_x264,1815,0,18140,1
Train,Stealing,Stealing087_x264,494,0,4930,1
Train,Stealing,Stealing088_x264,1286,0,12850,1
Train,Stealing,Stealing089_x264,1295,0,12940,1
Train,Stealing,Stealing091_x264,60,0,590,1
Train,Stealing,Stealing092_x264,1355,0,13540,1
Train,Stealing,Stealing093_x264,123,0,1220,1
Train,Stealing,Stealing094_x264,390,0,3890,1
Train,Stealing,Stealing095_x264,76,0,750,1
Train,Stealing,Stealing096_x264,661,0,6600,1
Train,Stealing,Stealing097_x264,115,0,1140,1
Train,Stealing,Stealing098_x264,347,0,3460,1
Train,Stealing,Stealing100_x264,1536,0,15350,1
Train,Stealing,Stealing101_x264,255,0,2540,1
Train,Stealing,Stealing102_x264,124,0,1230,1
Train,Stealing,Stealing103_x264,608,0,6070,1
Train,Stealing,Stealing104_x264,316,0,3150,1
Train,Stealing,Stealing105_x264,112,0,1110,1
Train,Stealing,Stealing106_x264,144,0,1430,1
Train,Stealing,Stealing107_x264,450,0,4490,1
Train,Stealing,Stealing108_x264,397,0,3960,1
Train,Stealing,Stealing109_x264,946,0,9450,1
Train,Stealing,Stealing110_x264,176,0,1750,1
Train,Stealing,Stealing111_x264,472,0,4710,1
Train,Stealing,Stealing112_x264,211,0,2100,1
Train,Stealing,Stealing113_x264,158,0,1570,1
Train,Stealing,Stealing114_x264,122,0,1210,1
Train,Vandalism,Vandalism001_x264,144,0,1430,1
Train,Vandalism,Vandalism002_x264,185,0,1840,1
Train,Vandalism,Vandalism003_x264,147,0,1460,1
Train,Vandalism,Vandalism004_x264,282,0,2810,1
Train,Vandalism,Vandalism005_x264,163,0,1620,1
Train,Vandalism,Vandalism006_x264,82,0,810,1
Train,Vandalism,Vandalism008_x264,1259,0,12580,1
Train,Vandalism,Vandalism009_x264,133,0,1320,1
Train,Vandalism,Vandalism010_x264,395,0,3940,1
Train,Vandalism,Vandalism011_x264,1245,0,12440,1
Train,Vandalism,Vandalism012_x264,85,0,840,1
Train,Vandalism,Vandalism013_x264,238,0,2370,1
Train,Vandalism,Vandalism014_x264,43,0,420,1
Train,Vandalism,Vandalism016_x264,581,0,5800,1
Train,Vandalism,Vandalism018_x264,556,0,5550,1
Train,Vandalism,Vandalism019_x264,205,0,2040,1
Train,Vandalism,Vandalism020_x264,145,0,1440,1
Train,Vandalism,Vandalism021_x264,137,0,1360,1
Train,Vandalism,Vandalism022_x264,394,0,3930,1
Train,Vandalism,Vandalism023_x264,631,0,6300,1
Train,Vandalism,Vandalism024_x264,101,0,1000,1
Train,Vandalism,Vandalism025_x264,431,0,4300,1
Train,Vandalism,Vandalism026_x264,97,0,960,1
Train,Vandalism,Vandalism027_x264,71,0,700,1
Train,Vandalism,Vandalism029_x264,46,0,450,1
Train,Vandalism,Vandalism030_x264,144,0,1430,1
Train,Vandalism,Vandalism031_x264,180,0,1790,1
Train,Vandalism,Vandalism032_x264,68,0,670,1
Train,Vandalism,Vandalism033_x264,227,0,2260,1
Train,Vandalism,Vandalism034_x264,176,0,1750,1
Train,Vandalism,Vandalism035_x264,119,0,1180,1
Train,Vandalism,Vandalism037_x264,302,0,3010,1
Train,Vandalism,Vandalism038_x264,283,0,2820,1
Train,Vandalism,Vandalism039_x264,90,0,890,1
Train,Vandalism,Vandalism040_x264,104,0,1030,1
Train,Vandalism,Vandalism041_x264,487,0,4860,1
Train,Vandalism,Vandalism042_x264,360,0,3590,1
Train,Vandalism,Vandalism043_x264,325,0,3240,1
Train,Vandalism,Vandalism044_x264,461,0,4600,1
Train,Vandalism,Vandalism045_x264,436,0,4350,1
Train,Vandalism,Vandalism046_x264,210,0,2090,1
Train,Vandalism,Vandalism047_x264,249,0,2480,1
Train,Vandalism,Vandalism048_x264,719,0,7180,1
Train,Vandalism,Vandalism049_x264,800,0,7990,1
Train,Vandalism,Vandalism050_x264,90,0,890,1
Train,Normal,Normal_Videos001_x264,55,0,540,0
Train,Normal,Normal_Videos002_x264,167,0,1660,0
Train,Normal,Normal_Videos004_x264,92,0,910,0
Train,Normal,Normal_Videos005_x264,39,0,380,0
Train,Normal,Normal_Videos007_x264,99,0,980,0
Train,Normal,Normal_Videos008_x264,257,0,2560,0
Train,Normal,Normal_Videos009_x264,74,0,730,0
Train,Normal,Normal_Videos011_x264,90,0,890,0
Train,Normal,Normal_Videos012_x264,234,0,2330,0
Train,Normal,Normal_Videos013_x264,122,0,1210,0
Train,Normal,Normal_Videos016_x264,364,0,3630,0
Train,Normal,Normal_Videos017_x264,86,0,850,0
Train,Normal,Normal_Videos020_x264,49,0,480,0
Train,Normal,Normal_Videos021_x264,197,0,1960,0
Train,Normal,Normal_Videos022_x264,39,0,380,0
Train,Normal,Normal_Videos023_x264,177,0,1760,0
Train,Normal,Normal_Videos026_x264,274,0,2730,0
Train,Normal,Normal_Videos028_x264,963,0,9620,0
Train,Normal,Normal_Videos029_x264,87,0,860,0
Train,Normal,Normal_Videos030_x264,443,0,4420,0
Train,Normal,Normal_Videos031_x264,334,0,3330,0
Train,Normal,Normal_Videos032_x264,84,0,830,0
Train,Normal,Normal_Videos035_x264,1842,0,18410,0
Train,Normal,Normal_Videos036_x264,133,0,1320,0
Train,Normal,Normal_Videos037_x264,45,0,440,0
Train,Normal,Normal_Videos038_x264,298,0,2970,0
Train,Normal,Normal_Videos039_x264,180,0,1790,0
Train,Normal,Normal_Videos040_x264,96,0,950,0
Train,Normal,Normal_Videos043_x264,174,0,1730,0
Train,Normal,Normal_Videos044_x264,252,0,2510,0
Train,Normal,Normal_Videos045_x264,155,0,1540,0
Train,Normal,Normal_Videos046_x264,2696,0,26950,0
Train,Normal,Normal_Videos047_x264,713,0,7120,0
Train,Normal,Normal_Videos049_x264,550,0,5490,0
Train,Normal,Normal_Videos052_x264,32,0,310,0
Train,Normal,Normal_Videos053_x264,40,0,390,0
Train,Normal,Normal_Videos054_x264,198,0,1970,0
Train,Normal,Normal_Videos055_x264,26,0,250,0
Train,Normal,Normal_Videos057_x264,379,0,3780,0
Train,Normal,Normal_Videos058_x264,99,0,980,0
Train,Normal,Normal_Videos060_x264,308,0,3070,0
Train,Normal,Normal_Videos061_x264,1770,0,17690,0
Train,Normal,Normal_Videos062_x264,158,0,1570,0
Train,Normal,Normal_Videos064_x264,234,0,2330,0
Train,Normal,Normal_Videos065_x264,87,0,860,0
Train,Normal,Normal_Videos066_x264,101,0,1000,0
Train,Normal,Normal_Videos068_x264,189,0,1880,0
Train,Normal,Normal_Videos069_x264,93,0,920,0
Train,Normal,Normal_Videos071_x264,88,0,870,0
Train,Normal,Normal_Videos072_x264,96,0,950,0
Train,Normal,Normal_Videos073_x264,163,0,1620,0
Train,Normal,Normal_Videos074_x264,204,0,2030,0
Train,Normal,Normal_Videos075_x264,340,0,3390,0
Train,Normal,Normal_Videos076_x264,308,0,3070,0
Train,Normal,Normal_Videos077_x264,281,0,2800,0
Train,Normal,Normal_Videos078_x264,214,0,2130,0
Train,Normal,Normal_Videos079_x264,201,0,2000,0
Train,Normal,Normal_Videos080_x264,235,0,2340,0
Train,Normal,Normal_Videos081_x264,163,0,1620,0
Train,Normal,Normal_Videos082_x264,120,0,1190,0
Train,Normal,Normal_Videos083_x264,59,0,580,0
Train,Normal,Normal_Videos084_x264,2746,0,27450,0
Train,Normal,Normal_Videos085_x264,518,0,5170,0
Train,Normal,Normal_Videos086_x264,340,0,3390,0
Train,Normal,Normal_Videos087_x264,8099,0,80980,0
Train,Normal,Normal_Videos088_x264,248,0,2470,0
Train,Normal,Normal_Videos089_x264,1966,0,19650,0
Train,Normal,Normal_Videos090_x264,4109,0,41080,0
Train,Normal,Normal_Videos091_x264,1977,0,19760,0
Train,Normal,Normal_Videos092_x264,180,0,1790,0
Train,Normal,Normal_Videos093_x264,174,0,1730,0
Train,Normal,Normal_Videos094_x264,174,0,1730,0
Train,Normal,Normal_Videos095_x264,105,0,1040,0
Train,Normal,Normal_Videos096_x264,78,0,770,0
Train,Normal,Normal_Videos097_x264,475,0,4740,0
Train,Normal,Normal_Videos098_x264,336,0,3350,0
Train,Normal,Normal_Videos099_x264,208,0,2070,0
Train,Normal,Normal_Videos101_x264,154,0,1530,0
Train,Normal,Normal_Videos102_x264,103,0,1020,0
Train,Normal,Normal_Videos103_x264,75,0,740,0
Train,Normal,Normal_Videos104_x264,69,0,680,0
Train,Normal,Normal_Videos105_x264,72,0,710,0
Train,Normal,Normal_Videos106_x264,195,0,1940,0
Train,Normal,Normal_Videos107_x264,361,0,3600,0
Train,Normal,Normal_Videos108_x264,178,0,1770,0
Train,Normal,Normal_Videos109_x264,173,0,1720,0
Train,Normal,Normal_Videos110_x264,314,0,3130,0
Train,Normal,Normal_Videos111_x264,2038,0,20370,0
Train,Normal,Normal_Videos112_x264,82,0,810,0
Train,Normal,Normal_Videos113_x264,70,0,690,0
Train,Normal,Normal_Videos114_x264,179,0,1780,0
Train,Normal,Normal_Videos115_x264,30,0,290,0
Train,Normal,Normal_Videos116_x264,454,0,4530,0
Train,Normal,Normal_Videos117_x264,118,0,1170,0
Train,Normal,Normal_Videos118_x264,95,0,940,0
Train,Normal,Normal_Videos119_x264,387,0,3860,0
Train,Normal,Normal_Videos120_x264,149,0,1480,0
Train,Normal,Normal_Videos121_x264,116,0,1150,0
Train,Normal,Normal_Videos122_x264,190,0,1890,0
Train,Normal,Normal_Videos123_x264,2217,0,22160,0
Train,Normal,Normal_Videos124_x264,140,0,1390,0
Train,Normal,Normal_Videos125_x264,313,0,3120,0
Train,Normal,Normal_Videos126_x264,281,0,2800,0
Train,Normal,Normal_Videos127_x264,179,0,1780,0
Train,Normal,Normal_Videos128_x264,191,0,1900,0
Train,Normal,Normal_Videos130_x264,1200,0,11990,0
Train,Normal,Normal_Videos131_x264,190,0,1890,0
Train,Normal,Normal_Videos132_x264,263,0,2620,0
Train,Normal,Normal_Videos133_x264,433,0,4320,0
Train,Normal,Normal_Videos134_x264,448,0,4470,0
Train,Normal,Normal_Videos135_x264,179,0,1780,0
Train,Normal,Normal_Videos136_x264,10624,0,106230,0
Train,Normal,Normal_Videos137_x264,10691,0,106900,0
Train,Normal,Normal_Videos138_x264,12817,0,128160,0
Train,Normal,Normal_Videos139_x264,2520,0,25190,0
Train,Normal,Normal_Videos140_x264,180,0,1790,0
Train,Normal,Normal_Videos141_x264,1230,0,12290,0
Train,Normal,Normal_Videos142_x264,188,0,1870,0
Train,Normal,Normal_Videos143_x264,179,0,1780,0
Train,Normal,Normal_Videos144_x264,869,0,8680,0
Train,Normal,Normal_Videos145_x264,451,0,4500,0
Train,Normal,Normal_Videos146_x264,82,0,810,0
Train,Normal,Normal_Videos147_x264,51,0,500,0
Train,Normal,Normal_Videos148_x264,63,0,620,0
Train,Normal,Normal_Videos149_x264,103,0,1020,0
Train,Normal,Normal_Videos151_x264,558,0,5570,0
Train,Normal,Normal_Videos152_x264,801,0,8000,0
Train,Normal,Normal_Videos153_x264,801,0,8000,0
Train,Normal,Normal_Videos154_x264,75,0,740,0
Train,Normal,Normal_Videos155_x264,21,0,200,0
Train,Normal,Normal_Videos156_x264,75,0,740,0
Train,Normal,Normal_Videos157_x264,21,0,200,0
Train,Normal,Normal_Videos158_x264,55,0,540,0
Train,Normal,Normal_Videos159_x264,108,0,1070,0
Train,Normal,Normal_Videos160_x264,360,0,3590,0
Train,Normal,Normal_Videos161_x264,588,0,5870,0
Train,Normal,Normal_Videos162_x264,117,0,1160,0
Train,Normal,Normal_Videos163_x264,331,0,3300,0
Train,Normal,Normal_Videos164_x264,1033,0,10320,0
Train,Normal,Normal_Videos165_x264,29,0,280,0
Train,Normal,Normal_Videos166_x264,161,0,1600,0
Train,Normal,Normal_Videos167_x264,158,0,1570,0
Train,Normal,Normal_Videos169_x264,156,0,1550,0
Train,Normal,Normal_Videos170_x264,109,0,1080,0
Train,Normal,Normal_Videos171_x264,4260,0,42590,0
Train,Normal,Normal_Videos172_x264,1186,0,11850,0
Train,Normal,Normal_Videos173_x264,60,0,590,0
Train,Normal,Normal_Videos174_x264,93,0,920,0
Train,Normal,Normal_Videos176_x264,570,0,5690,0
Train,Normal,Normal_Videos177_x264,1132,0,11310,0
Train,Normal,Normal_Videos178_x264,103,0,1020,0
Train,Normal,Normal_Videos179_x264,501,0,5000,0
Train,Normal,Normal_Videos180_x264,552,0,5510,0
Train,Normal,Normal_Videos181_x264,414,0,4130,0
Train,Normal,Normal_Videos183_x264,168,0,1670,0
Train,Normal,Normal_Videos184_x264,193,0,1920,0
Train,Normal,Normal_Videos185_x264,920,0,9190,0
Train,Normal,Normal_Videos186_x264,870,0,8690,0
Train,Normal,Normal_Videos187_x264,900,0,8990,0
Train,Normal,Normal_Videos188_x264,899,0,8980,0
Train,Normal,Normal_Videos190_x264,363,0,3620,0
Train,Normal,Normal_Videos191_x264,360,0,3590,0
Train,Normal,Normal_Videos192_x264,403,0,4020,0
Train,Normal,Normal_Videos193_x264,357,0,3560,0
Train,Normal,Normal_Videos194_x264,415,0,4140,0
Train,Normal,Normal_Videos195_x264,476,0,4750,0
Train,Normal,Normal_Videos197_x264,247,0,2460,0
Train,Normal,Normal_Videos198_x264,225,0,2240,0
Train,Normal,Normal_Videos199_x264,704,0,7030,0
Train,Normal,Normal_Videos200_x264,371,0,3700,0
Train,Normal,Normal_Videos201_x264,285,0,2840,0
Train,Normal,Normal_Videos202_x264,250,0,2490,0
Train,Normal,Normal_Videos204_x264,83,0,820,0
Train,Normal,Normal_Videos205_x264,785,0,7840,0
Train,Normal,Normal_Videos206_x264,1074,0,10730,0
Train,Normal,Normal_Videos207_x264,261,0,2600,0
Train,Normal,Normal_Videos208_x264,225,0,2240,0
Train,Normal,Normal_Videos209_x264,64,0,630,0
Train,Normal,Normal_Videos211_x264,833,0,8320,0
Train,Normal,Normal_Videos212_x264,1503,0,15020,0
Train,Normal,Normal_Videos213_x264,179,0,1780,0
Train,Normal,Normal_Videos214_x264,1126,0,11250,0
Train,Normal,Normal_Videos215_x264,89,0,880,0
Train,Normal,Normal_Videos216_x264,342,0,3410,0
Train,Normal,Normal_Videos218_x264,124,0,1230,0
Train,Normal,Normal_Videos219_x264,267,0,2660,0
Train,Normal,Normal_Videos220_x264,274,0,2730,0
Train,Normal,Normal_Videos221_x264,223,0,2220,0
Train,Normal,Normal_Videos222_x264,95,0,940,0
Train,Normal,Normal_Videos223_x264,424,0,4230,0
Train,Normal,Normal_Videos225_x264,1995,0,19940,0
Train,Normal,Normal_Videos226_x264,1454,0,14530,0
Train,Normal,Normal_Videos227_x264,166,0,1650,0
Train,Normal,Normal_Videos228_x264,181,0,1800,0
Train,Normal,Normal_Videos229_x264,183,0,1820,0
Train,Normal,Normal_Videos230_x264,48,0,470,0
Train,Normal,Normal_Videos231_x264,849,0,8480,0
Train,Normal,Normal_Videos232_x264,150,0,1490,0
Train,Normal,Normal_Videos233_x264,92,0,910,0
Train,Normal,Normal_Videos234_x264,540,0,5390,0
Train,Normal,Normal_Videos235_x264,225,0,2240,0
Train,Normal,Normal_Videos236_x264,338,0,3370,0
Train,Normal,Normal_Videos237_x264,173,0,1720,0
Train,Normal,Normal_Videos238_x264,302,0,3010,0
Train,Normal,Normal_Videos239_x264,356,0,3550,0
Train,Normal,Normal_Videos240_x264,418,0,4170,0
Train,Normal,Normal_Videos241_x264,235,0,2340,0
Train,Normal,Normal_Videos242_x264,180,0,1790,0
Train,Normal,Normal_Videos243_x264,183,0,1820,0
Train,Normal,Normal_Videos244_x264,276,0,2750,0
Train,Normal,Normal_Videos245_x264,1801,0,18000,0
Train,Normal,Normal_Videos249_x264,63,0,620,0
Train,Normal,Normal_Videos250_x264,360,0,3590,0
Train,Normal,Normal_Videos252_x264,181,0,1800,0
Train,Normal,Normal_Videos253_x264,52,0,510,0
Train,Normal,Normal_Videos254_x264,124,0,1230,0
Train,Normal,Normal_Videos255_x264,360,0,3590,0
Train,Normal,Normal_Videos256_x264,190,0,1890,0
Train,Normal,Normal_Videos257_x264,141,0,1400,0
Train,Normal,Normal_Videos258_x264,117,0,1160,0
Train,Normal,Normal_Videos259_x264,215,0,2140,0
Train,Normal,Normal_Videos260_x264,276,0,2750,0
Train,Normal,Normal_Videos261_x264,360,0,3590,0
Train,Normal,Normal_Videos262_x264,718,0,7170,0
Train,Normal,Normal_Videos263_x264,180,0,1790,0
Train,Normal,Normal_Videos264_x264,390,0,3890,0
Train,Normal,Normal_Videos265_x264,133,0,1320,0
Train,Normal,Normal_Videos266_x264,2329,0,23280,0
Train,Normal,Normal_Videos267_x264,328,0,3270,0
Train,Normal,Normal_Videos268_x264,197,0,1960,0
Train,Normal,Normal_Videos269_x264,30,0,290,0
Train,Normal,Normal_Videos270_x264,212,0,2110,0
Train,Normal,Normal_Videos271_x264,185,0,1840,0
Train,Normal,Normal_Videos272_x264,291,0,2900,0
Train,Normal,Normal_Videos273_x264,382,0,3810,0
Train,Normal,Normal_Videos274_x264,902,0,9010,0
Train,Normal,Normal_Videos275_x264,230,0,2290,0
Train,Normal,Normal_Videos276_x264,417,0,4160,0
Train,Normal,Normal_Videos277_x264,2432,0,24310,0
Train,Normal,Normal_Videos278_x264,194,0,1930,0
Train,Normal,Normal_Videos279_x264,426,0,4250,0
Train,Normal,Normal_Videos280_x264,256,0,2550,0
Train,Normal,Normal_Videos281_x264,35,0,340,0
Train,Normal,Normal_Videos282_x264,411,0,4100,0
Train,Normal,Normal_Videos283_x264,900,0,8990,0
Train,Normal,Normal_Videos284_x264,216,0,2150,0
Train,Normal,Normal_Videos285_x264,192,0,1910,0
Train,Normal,Normal_Videos286_x264,33,0,320,0
Train,Normal,Normal_Videos287_x264,182,0,1810,0
Train,Normal,Normal_Videos288_x264,353,0,3520,0
Train,Normal,Normal_Videos290_x264,28,0,270,0
Train,Normal,Normal_Videos291_x264,45,0,440,0
Train,Normal,Normal_Videos292_x264,431,0,4300,0
Train,Normal,Normal_Videos293_x264,50,0,490,0
Train,Normal,Normal_Videos294_x264,94,0,930,0
Train,Normal,Normal_Videos295_x264,85,0,840,0
Train,Normal,Normal_Videos296_x264,61,0,600,0
Train,Normal,Normal_Videos297_x264,37,0,360,0
Train,Normal,Normal_Videos298_x264,334,0,3330,0
Train,Normal,Normal_Videos299_x264,142,0,1410,0
Train,Normal,Normal_Videos300_x264,149,0,1480,0
Train,Normal,Normal_Videos301_x264,181,0,1800,0
Train,Normal,Normal_Videos302_x264,181,0,1800,0
Train,Normal,Normal_Videos303_x264,535,0,5340,0
Train,Normal,Normal_Videos304_x264,289,0,2880,0
Train,Normal,Normal_Videos305_x264,255,0,2540,0
Train,Normal,Normal_Videos306_x264,397,0,3960,0
Train,Normal,Normal_Videos307_x264,62802,0,628010,0
Train,Normal,Normal_Videos308_x264,97651,0,976500,0
Train,Normal,Normal_Videos309_x264,900,0,8990,0
Train,Normal,Normal_Videos311_x264,255,0,2540,0
Train,Normal,Normal_Videos313_x264,131,0,1300,0
Train,Normal,Normal_Videos314_x264,114,0,1130,0
Train,Normal,Normal_Videos315_x264,154,0,1530,0
Train,Normal,Normal_Videos316_x264,129,0,1280,0
Train,Normal,Normal_Videos318_x264,130,0,1290,0
Train,Normal,Normal_Videos319_x264,189,0,1880,0
Train,Normal,Normal_Videos320_x264,102,0,1010,0
Train,Normal,Normal_Videos321_x264,46,0,450,0
Train,Normal,Normal_Videos322_x264,222,0,2210,0
Train,Normal,Normal_Videos323_x264,6298,0,62970,0
Train,Normal,Normal_Videos324_x264,264,0,2630,0
Train,Normal,Normal_Videos325_x264,164,0,1630,0
Train,Normal,Normal_Videos326_x264,148,0,1470,0
Train,Normal,Normal_Videos327_x264,166,0,1650,0
Train,Normal,Normal_Videos328_x264,151,0,1500,0
Train,Normal,Normal_Videos329_x264,153,0,1520,0
Train,Normal,Normal_Videos330_x264,156,0,1550,0
Train,Normal,Normal_Videos331_x264,10790,0,107890,0
Train,Normal,Normal_Videos332_x264,1663,0,16620,0
Train,Normal,Normal_Videos333_x264,89,0,880,0
Train,Normal,Normal_Videos334_x264,83,0,820,0
Train,Normal,Normal_Videos335_x264,540,0,5390,0
Train,Normal,Normal_Videos336_x264,129,0,1280,0
Train,Normal,Normal_Videos337_x264,39,0,380,0
Train,Normal,Normal_Videos338_x264,96,0,950,0
Train,Normal,Normal_Videos339_x264,900,0,8990,0
Train,Normal,Normal_Videos340_x264,268,0,2670,0
Train,Normal,Normal_Videos341_x264,89,0,880,0
Train,Normal,Normal_Videos342_x264,417,0,4160,0
Train,Normal,Normal_Videos343_x264,86,0,850,0
Train,Normal,Normal_Videos344_x264,21,0,200,0
Train,Normal,Normal_Videos346_x264,538,0,5370,0
Train,Normal,Normal_Videos347_x264,190,0,1890,0
Train,Normal,Normal_Videos348_x264,141,0,1400,0
Train,Normal,Normal_Videos349_x264,534,0,5330,0
Train,Normal,Normal_Videos350_x264,146,0,1450,0
Train,Normal,Normal_Videos351_x264,591,0,5900,0
Train,Normal,Normal_Videos353_x264,121,0,1200,0
Train,Normal,Normal_Videos354_x264,180,0,1790,0
Train,Normal,Normal_Videos355_x264,89,0,880,0
Train,Normal,Normal_Videos356_x264,64,0,630,0
Train,Normal,Normal_Videos357_x264,180,0,1790,0
Train,Normal,Normal_Videos358_x264,194,0,1930,0
Train,Normal,Normal_Videos359_x264,91,0,900,0
Train,Normal,Normal_Videos361_x264,143,0,1420,0
Train,Normal,Normal_Videos362_x264,70,0,690,0
Train,Normal,Normal_Videos363_x264,481,0,4800,0
Train,Normal,Normal_Videos364_x264,70,0,690,0
Train,Normal,Normal_Videos366_x264,66,0,650,0
Train,Normal,Normal_Videos367_x264,470,0,4690,0
Train,Normal,Normal_Videos368_x264,90,0,890,0
Train,Normal,Normal_Videos369_x264,858,0,8570,0
Train,Normal,Normal_Videos370_x264,448,0,4470,0
Train,Normal,Normal_Videos371_x264,3693,0,36920,0
Train,Normal,Normal_Videos372_x264,66,0,650,0
Train,Normal,Normal_Videos373_x264,50,0,490,0
Train,Normal,Normal_Videos374_x264,38,0,370,0
Train,Normal,Normal_Videos375_x264,5761,0,57600,0
Train,Normal,Normal_Videos376_x264,456,0,4550,0
Train,Normal,Normal_Videos377_x264,1383,0,13820,0
Train,Normal,Normal_Videos378_x264,47,0,460,0
Train,Normal,Normal_Videos379_x264,109,0,1080,0
Train,Normal,Normal_Videos380_x264,321,0,3200,0
Train,Normal,Normal_Videos381_x264,238,0,2370,0
Train,Normal,Normal_Videos382_x264,166,0,1650,0
Train,Normal,Normal_Videos383_x264,191,0,1900,0
Train,Normal,Normal_Videos384_x264,225,0,2240,0
Train,Normal,Normal_Videos385_x264,227,0,2260,0
Train,Normal,Normal_Videos386_x264,460,0,4590,0
Train,Normal,Normal_Videos387_x264,76,0,750,0
Train,Normal,Normal_Videos388_x264,431,0,4300,0
Train,Normal,Normal_Videos389_x264,345,0,3440,0
Train,Normal,Normal_Videos390_x264,50,0,490,0
Train,Normal,Normal_Videos391_x264,487,0,4860,0
Train,Normal,Normal_Videos392_x264,185,0,1840,0
Train,Normal,Normal_Videos393_x264,292,0,2910,0
Train,Normal,Normal_Videos394_x264,183,0,1820,0
Train,Normal,Normal_Videos395_x264,48,0,470,0
Train,Normal,Normal_Videos396_x264,7986,0,79850,0
Train,Normal,Normal_Videos397_x264,6049,0,60480,0
Train,Normal,Normal_Videos398_x264,374,0,3730,0
Train,Normal,Normal_Videos399_x264,341,0,3400,0
Train,Normal,Normal_Videos400_x264,72,0,710,0
Train,Normal,Normal_Videos402_x264,59,0,580,0
Train,Normal,Normal_Videos403_x264,42,0,410,0
Train,Normal,Normal_Videos404_x264,348,0,3470,0
Train,Normal,Normal_Videos405_x264,107,0,1060,0
Train,Normal,Normal_Videos406_x264,79,0,780,0
Train,Normal,Normal_Videos407_x264,51,0,500,0
Train,Normal,Normal_Videos408_x264,80,0,790,0
Train,Normal,Normal_Videos409_x264,369,0,3680,0
Train,Normal,Normal_Videos410_x264,399,0,3980,0
Train,Normal,Normal_Videos411_x264,93,0,920,0
Train,Normal,Normal_Videos412_x264,65,0,640,0
Train,Normal,Normal_Videos413_x264,243,0,2420,0
Train,Normal,Normal_Videos414_x264,53,0,520,0
Train,Normal,Normal_Videos415_x264,2697,0,26960,0
Train,Normal,Normal_Videos416_x264,136,0,1350,0
Train,Normal,Normal_Videos418_x264,169,0,1680,0
Train,Normal,Normal_Videos419_x264,122,0,1210,0
Train,Normal,Normal_Videos420_x264,1092,0,10910,0
Train,Normal,Normal_Videos421_x264,258,0,2570,0
Train,Normal,Normal_Videos422_x264,160,0,1590,0
Train,Normal,Normal_Videos423_x264,554,0,5530,0
Train,Normal,Normal_Videos424_x264,716,0,7150,0
Train,Normal,Normal_Videos425_x264,19277,0,192760,0
Train,Normal,Normal_Videos426_x264,177,0,1760,0
Train,Normal,Normal_Videos427_x264,173,0,1720,0
Train,Normal,Normal_Videos428_x264,86,0,850,0
Train,Normal,Normal_Videos429_x264,344,0,3430,0
Train,Normal,Normal_Videos430_x264,80,0,790,0
Train,Normal,Normal_Videos431_x264,296,0,2950,0
Train,Normal,Normal_Videos432_x264,359,0,3580,0
Train,Normal,Normal_Videos433_x264,45,0,440,0
Train,Normal,Normal_Videos434_x264,187,0,1860,0
Train,Normal,Normal_Videos435_x264,115,0,1140,0
Train,Normal,Normal_Videos436_x264,211,0,2100,0
Train,Normal,Normal_Videos437_x264,290,0,2890,0
Train,Normal,Normal_Videos438_x264,58,0,570,0
Train,Normal,Normal_Videos440_x264,83,0,820,0
Train,Normal,Normal_Videos441_x264,157,0,1560,0
Train,Normal,Normal_Videos442_x264,180,0,1790,0
Train,Normal,Normal_Videos443_x264,180,0,1790,0
Train,Normal,Normal_Videos444_x264,86,0,850,0
Train,Normal,Normal_Videos445_x264,213,0,2120,0
Train,Normal,Normal_Videos446_x264,48,0,470,0
Train,Normal,Normal_Videos447_x264,1346,0,13450,0
Train,Normal,Normal_Videos448_x264,1738,0,17370,0
Train,Normal,Normal_Videos449_x264,10798,0,107970,0
Train,Normal,Normal_Videos450_x264,10797,0,107960,0
Train,Normal,Normal_Videos451_x264,210,0,2090,0
Train,Normal,Normal_Videos454_x264,182,0,1810,0
Train,Normal,Normal_Videos455_x264,57,0,560,0
Train,Normal,Normal_Videos456_x264,395,0,3940,0
Train,Normal,Normal_Videos457_x264,176,0,1750,0
Train,Normal,Normal_Videos458_x264,750,0,7490,0
Train,Normal,Normal_Videos459_x264,744,0,7430,0
Train,Normal,Normal_Videos460_x264,747,0,7460,0
Train,Normal,Normal_Videos461_x264,188,0,1870,0
Train,Normal,Normal_Videos462_x264,345,0,3440,0
Train,Normal,Normal_Videos463_x264,1038,0,10370,0
Train,Normal,Normal_Videos464_x264,513,0,5120,0
Train,Normal,Normal_Videos465_x264,298,0,2970,0
Train,Normal,Normal_Videos466_x264,207,0,2060,0
Train,Normal,Normal_Videos467_x264,546,0,5450,0
Train,Normal,Normal_Videos468_x264,80,0,790,0
Train,Normal,Normal_Videos469_x264,670,0,6690,0
Train,Normal,Normal_Videos470_x264,120,0,1190,0
Train,Normal,Normal_Videos471_x264,19145,0,191440,0
Train,Normal,Normal_Videos472_x264,18081,0,180800,0
Train,Normal,Normal_Videos473_x264,6693,0,66920,0
Train,Normal,Normal_Videos474_x264,570,0,5690,0
Train,Normal,Normal_Videos475_x264,1749,0,17480,0
Train,Normal,Normal_Videos476_x264,465,0,4640,0
Train,Normal,Normal_Videos477_x264,202,0,2010,0
Train,Normal,Normal_Videos479_x264,3961,0,39600,0
Train,Normal,Normal_Videos480_x264,223,0,2220,0
Train,Normal,Normal_Videos481_x264,900,0,8990,0
Train,Normal,Normal_Videos482_x264,434,0,4330,0
Train,Normal,Normal_Videos483_x264,426,0,4250,0
Train,Normal,Normal_Videos484_x264,3598,0,35970,0
Train,Normal,Normal_Videos485_x264,114,0,1130,0
Train,Normal,Normal_Videos486_x264,271,0,2700,0
Train,Normal,Normal_Videos487_x264,37,0,360,0
Train,Normal,Normal_Videos488_x264,116,0,1150,0
Train,Normal,Normal_Videos489_x264,412,0,4110,0
Train,Normal,Normal_Videos490_x264,821,0,8200,0
Train,Normal,Normal_Videos491_x264,1205,0,12040,0
Train,Normal,Normal_Videos492_x264,4971,0,49700,0
Train,Normal,Normal_Videos493_x264,92,0,910,0
Train,Normal,Normal_Videos494_x264,3021,0,30200,0
Train,Normal,Normal_Videos495_x264,53,0,520,0
Train,Normal,Normal_Videos496_x264,6459,0,64580,0
Train,Normal,Normal_Videos497_x264,193,0,1920,0
Train,Normal,Normal_Videos498_x264,641,0,6400,0
Train,Normal,Normal_Videos499_x264,233,0,2320,0
Train,Normal,Normal_Videos500_x264,38,0,370,0
Train,Normal,Normal_Videos501_x264,177,0,1760,0
Train,Normal,Normal_Videos502_x264,91,0,900,0
Train,Normal,Normal_Videos503_x264,92,0,910,0
Train,Normal,Normal_Videos504_x264,55,0,540,0
Train,Normal,Normal_Videos505_x264,56,0,550,0
Train,Normal,Normal_Videos506_x264,122,0,1210,0
Train,Normal,Normal_Videos507_x264,206,0,2050,0
Train,Normal,Normal_Videos508_x264,143,0,1420,0
Train,Normal,Normal_Videos509_x264,70,0,690,0
Train,Normal,Normal_Videos510_x264,2704,0,27030,0
Train,Normal,Normal_Videos511_x264,2702,0,27010,0
Train,Normal,Normal_Videos512_x264,3693,0,36920,0
Train,Normal,Normal_Videos513_x264,72,0,710,0
Train,Normal,Normal_Videos514_x264,460,0,4590,0
Train,Normal,Normal_Videos515_x264,877,0,8760,0
Train,Normal,Normal_Videos516_x264,476,0,4750,0
Train,Normal,Normal_Videos517_x264,460,0,4590,0
Train,Normal,Normal_Videos518_x264,219,0,2180,0
Train,Normal,Normal_Videos519_x264,175,0,1740,0
Train,Normal,Normal_Videos520_x264,5084,0,50830,0
Train,Normal,Normal_Videos521_x264,5084,0,50830,0
Train,Normal,Normal_Videos522_x264,624,0,6230,0
Train,Normal,Normal_Videos523_x264,43,0,420,0
Train,Normal,Normal_Videos524_x264,1005,0,10040,0
Train,Normal,Normal_Videos525_x264,3240,0,32390,0
Train,Normal,Normal_Videos526_x264,878,0,8770,0
Train,Normal,Normal_Videos527_x264,118,0,1170,0
Train,Normal,Normal_Videos528_x264,121,0,1200,0
Train,Normal,Normal_Videos529_x264,10798,0,107970,0
Train,Normal,Normal_Videos530_x264,10797,0,107960,0
Train,Normal,Normal_Videos531_x264,558,0,5570,0
Train,Normal,Normal_Videos532_x264,2589,0,25880,0
Train,Normal,Normal_Videos533_x264,7933,0,79320,0
Train,Normal,Normal_Videos534_x264,3887,0,38860,0
Train,Normal,Normal_Videos535_x264,365,0,3640,0
Train,Normal,Normal_Videos536_x264,1394,0,13930,0
Train,Normal,Normal_Videos537_x264,408,0,4070,0
Train,Normal,Normal_Videos538_x264,102,0,1010,0
Train,Normal,Normal_Videos539_x264,103,0,1020,0
Train,Normal,Normal_Videos540_x264,8763,0,87620,0
Train,Normal,Normal_Videos541_x264,9480,0,94790,0
Train,Normal,Normal_Videos542_x264,634,0,6330,0
Train,Normal,Normal_Videos543_x264,3210,0,32090,0
Train,Normal,Normal_Videos544_x264,6037,0,60360,0
Train,Normal,Normal_Videos545_x264,872,0,8710,0
Train,Normal,Normal_Videos546_x264,336,0,3350,0
Train,Normal,Normal_Videos547_x264,16852,0,168510,0
Train,Normal,Normal_Videos548_x264,8423,0,84220,0
Train,Normal,Normal_Videos549_x264,927,0,9260,0
Train,Normal,Normal_Videos550_x264,849,0,8480,0
Train,Normal,Normal_Videos551_x264,5400,0,53990,0
Train,Normal,Normal_Videos552_x264,429,0,4280,0
Train,Normal,Normal_Videos553_x264,1213,0,12120,0
Train,Normal,Normal_Videos554_x264,320,0,3190,0
Train,Normal,Normal_Videos555_x264,85,0,840,0
Train,Normal,Normal_Videos556_x264,6913,0,69120,0
Train,Normal,Normal_Videos557_x264,1841,0,18400,0
Train,Normal,Normal_Videos558_x264,164,0,1630,0
Train,Normal,Normal_Videos559_x264,1983,0,19820,0
Train,Normal,Normal_Videos560_x264,1821,0,18200,0
Train,Normal,Normal_Videos561_x264,2137,0,21360,0
Train,Normal,Normal_Videos562_x264,2708,0,27070,0
Train,Normal,Normal_Videos563_x264,8241,0,82400,0
Train,Normal,Normal_Videos564_x264,1528,0,15270,0
Train,Normal,Normal_Videos565_x264,5361,0,53600,0
Train,Normal,Normal_Videos566_x264,2700,0,26990,0
Train,Normal,Normal_Videos567_x264,546,0,5450,0
Train,Normal,Normal_Videos568_x264,708,0,7070,0
Train,Normal,Normal_Videos569_x264,292,0,2910,0
Train,Normal,Normal_Videos570_x264,85,0,840,0
Train,Normal,Normal_Videos571_x264,213,0,2120,0
Train,Normal,Normal_Videos572_x264,443,0,4420,0
Train,Normal,Normal_Videos573_x264,395,0,3940,0
Train,Normal,Normal_Videos574_x264,992,0,9910,0
Train,Normal,Normal_Videos575_x264,368,0,3670,0
Train,Normal,Normal_Videos577_x264,774,0,7730,0
Train,Normal,Normal_Videos578_x264,443,0,4420,0
Train,Normal,Normal_Videos579_x264,1842,0,18410,0
Train,Normal,Normal_Videos580_x264,360,0,3590,0
Train,Normal,Normal_Videos581_x264,269,0,2680,0
Train,Normal,Normal_Videos582_x264,425,0,4240,0
Train,Normal,Normal_Videos583_x264,623,0,6220,0
Train,Normal,Normal_Videos584_x264,899,0,8980,0
Train,Normal,Normal_Videos585_x264,179,0,1780,0
Train,Normal,Normal_Videos586_x264,159,0,1580,0
Train,Normal,Normal_Videos587_x264,870,0,8690,0
Train,Normal,Normal_Videos588_x264,759,0,7580,0
Train,Normal,Normal_Videos589_x264,524,0,5230,0
Train,Normal,Normal_Videos590_x264,899,0,8980,0
Train,Normal,Normal_Videos591_x264,903,0,9020,0
Train,Normal,Normal_Videos592_x264,258,0,2570,0
Train,Normal,Normal_Videos593_x264,261,0,2600,0
Train,Normal,Normal_Videos594_x264,182,0,1810,0
Train,Normal,Normal_Videos595_x264,267,0,2660,0
Train,Normal,Normal_Videos596_x264,274,0,2730,0
Train,Normal,Normal_Videos598_x264,732,0,7310,0
Train,Normal,Normal_Videos599_x264,238,0,2370,0
Train,Normal,Normal_Videos600_x264,211,0,2100,0
Train,Normal,Normal_Videos601_x264,248,0,2470,0
Train,Normal,Normal_Videos602_x264,1151,0,11500,0
Train,Normal,Normal_Videos604_x264,145,0,1440,0
Train,Normal,Normal_Videos605_x264,382,0,3810,0
Train,Normal,Normal_Videos607_x264,190,0,1890,0
Train,Normal,Normal_Videos608_x264,895,0,8940,0
Train,Normal,Normal_Videos609_x264,61,0,600,0
Train,Normal,Normal_Videos610_x264,85,0,840,0
Train,Normal,Normal_Videos611_x264,120,0,1190,0
Train,Normal,Normal_Videos612_x264,627,0,6260,0
Train,Normal,Normal_Videos613_x264,594,0,5930,0
Train,Normal,Normal_Videos614_x264,246,0,2450,0
Train,Normal,Normal_Videos615_x264,458,0,4570,0
Train,Normal,Normal_Videos616_x264,534,0,5330,0
Train,Normal,Normal_Videos617_x264,293,0,2920,0
Train,Normal,Normal_Videos618_x264,194,0,1930,0
Train,Normal,Normal_Videos619_x264,897,0,8960,0
Train,Normal,Normal_Videos620_x264,897,0,8960,0
Train,Normal,Normal_Videos622_x264,256,0,2550,0
Train,Normal,Normal_Videos623_x264,1123,0,11220,0
Train,Normal,Normal_Videos624_x264,420,0,4190,0
Train,Normal,Normal_Videos625_x264,321,0,3200,0
Train,Normal,Normal_Videos626_x264,900,0,8990,0
Train,Normal,Normal_Videos627_x264,224,0,2230,0
Train,Normal,Normal_Videos628_x264,90,0,890,0
Train,Normal,Normal_Videos629_x264,449,0,4480,0
Train,Normal,Normal_Videos630_x264,6339,0,63380,0
Train,Normal,Normal_Videos631_x264,679,0,6780,0
Train,Normal,Normal_Videos632_x264,1202,0,12010,0
Train,Normal,Normal_Videos633_x264,44131,0,441300,0
Train,Normal,Normal_Videos635_x264,113,0,1120,0
Train,Normal,Normal_Videos636_x264,127,0,1260,0
Train,Normal,Normal_Videos637_x264,204,0,2030,0
Train,Normal,Normal_Videos638_x264,3074,0,30730,0
Train,Normal,Normal_Videos639_x264,321,0,3200,0
Train,Normal,Normal_Videos640_x264,183,0,1820,0
Train,Normal,Normal_Videos642_x264,5826,0,58250,0
Train,Normal,Normal_Videos643_x264,358,0,3570,0
Train,Normal,Normal_Videos644_x264,121,0,1200,0
Train,Normal,Normal_Videos645_x264,90,0,890,0
Train,Normal,Normal_Videos646_x264,433,0,4320,0
Train,Normal,Normal_Videos647_x264,234,0,2330,0
Train,Normal,Normal_Videos648_x264,89,0,880,0
Train,Normal,Normal_Videos649_x264,90,0,890,0
Train,Normal,Normal_Videos650_x264,109,0,1080,0
Train,Normal,Normal_Videos651_x264,116,0,1150,0
Train,Normal,Normal_Videos652_x264,330,0,3290,0
Train,Normal,Normal_Videos653_x264,88,0,870,0
Train,Normal,Normal_Videos654_x264,258,0,2570,0
Train,Normal,Normal_Videos655_x264,738,0,7370,0
Train,Normal,Normal_Videos657_x264,150,0,1490,0
Train,Normal,Normal_Videos658_x264,47,0,460,0
Train,Normal,Normal_Videos659_x264,52,0,510,0
Train,Normal,Normal_Videos660_x264,121,0,1200,0
Train,Normal,Normal_Videos661_x264,60,0,590,0
Train,Normal,Normal_Videos662_x264,50,0,490,0
Train,Normal,Normal_Videos663_x264,83,0,820,0
Train,Normal,Normal_Videos664_x264,53,0,520,0
Train,Normal,Normal_Videos665_x264,1168,0,11670,0
Train,Normal,Normal_Videos666_x264,10798,0,107970,0
Train,Normal,Normal_Videos667_x264,141,0,1400,0
Train,Normal,Normal_Videos668_x264,281,0,2800,0
Train,Normal,Normal_Videos669_x264,122,0,1210,0
Train,Normal,Normal_Videos670_x264,419,0,4180,0
Train,Normal,Normal_Videos671_x264,98,0,970,0
Train,Normal,Normal_Videos672_x264,194,0,1930,0
Train,Normal,Normal_Videos673_x264,264,0,2630,0
Train,Normal,Normal_Videos674_x264,561,0,5600,0
Train,Normal,Normal_Videos675_x264,142,0,1410,0
Train,Normal,Normal_Videos676_x264,582,0,5810,0
Train,Normal,Normal_Videos677_x264,262,0,2610,0
Train,Normal,Normal_Videos678_x264,221,0,2200,0
Train,Normal,Normal_Videos679_x264,718,0,7170,0
Train,Normal,Normal_Videos680_x264,66,0,650,0
Train,Normal,Normal_Videos681_x264,2710,0,27090,0
Train,Normal,Normal_Videos682_x264,757,0,7560,0
Train,Normal,Normal_Videos683_x264,2343,0,23420,0
Train,Normal,Normal_Videos684_x264,1803,0,18020,0
Train,Normal,Normal_Videos685_x264,128,0,1270,0
Train,Normal,Normal_Videos687_x264,3787,0,37860,0
Train,Normal,Normal_Videos688_x264,7849,0,78480,0
Train,Normal,Normal_Videos689_x264,3190,0,31890,0
Train,Normal,Normal_Videos690_x264,62,0,610,0
Train,Normal,Normal_Videos691_x264,1570,0,15690,0
Train,Normal,Normal_Videos692_x264,180,0,1790,0
Train,Normal,Normal_Videos693_x264,71,0,700,0
Train,Normal,Normal_Videos694_x264,2198,0,21970,0
Train,Normal,Normal_Videos695_x264,647,0,6460,0
Train,Normal,Normal_Videos697_x264,173,0,1720,0
Train,Normal,Normal_Videos698_x264,84,0,830,0
Train,Normal,Normal_Videos699_x264,174,0,1730,0
Train,Normal,Normal_Videos700_x264,670,0,6690,0
Train,Normal,Normal_Videos701_x264,4283,0,42820,0
Train,Normal,Normal_Videos703_x264,226,0,2250,0
Train,Normal,Normal_Videos705_x264,29,0,280,0
Train,Normal,Normal_Videos706_x264,91,0,900,0
Train,Normal,Normal_Videos707_x264,202,0,2010,0
Train,Normal,Normal_Videos708_x264,277,0,2760,0
Train,Normal,Normal_Videos709_x264,429,0,4280,0
Train,Normal,Normal_Videos711_x264,157,0,1560,0
Train,Normal,Normal_Videos712_x264,358,0,3570,0
Train,Normal,Normal_Videos713_x264,7303,0,73020,0
Train,Normal,Normal_Videos714_x264,7900,0,78990,0
Train,Normal,Normal_Videos715_x264,107,0,1060,0
Train,Normal,Normal_Videos716_x264,2775,0,27740,0
Train,Normal,Normal_Videos718_x264,3173,0,31720,0
Train,Normal,Normal_Videos719_x264,286,0,2850,0
Train,Normal,Normal_Videos720_x264,931,0,9300,0
Train,Normal,Normal_Videos721_x264,183,0,1820,0
Train,Normal,Normal_Videos723_x264,438,0,4370,0
Train,Normal,Normal_Videos724_x264,138,0,1370,0
Train,Normal,Normal_Videos726_x264,172,0,1710,0
Train,Normal,Normal_Videos727_x264,114,0,1130,0
Train,Normal,Normal_Videos728_x264,225,0,2240,0
Train,Normal,Normal_Videos729_x264,165,0,1640,0
Train,Normal,Normal_Videos730_x264,73,0,720,0
Train,Normal,Normal_Videos731_x264,26,0,250,0
Train,Normal,Normal_Videos732_x264,153,0,1520,0
Train,Normal,Normal_Videos733_x264,130,0,1290,0
Train,Normal,Normal_Videos734_x264,118,0,1170,0
Train,Normal,Normal_Videos735_x264,114,0,1130,0
Train,Normal,Normal_Videos736_x264,93,0,920,0
Train,Normal,Normal_Videos737_x264,110,0,1090,0
Train,Normal,Normal_Videos738_x264,107,0,1060,0
Train,Normal,Normal_Videos739_x264,131,0,1300,0
Train,Normal,Normal_Videos740_x264,92,0,910,0
Train,Normal,Normal_Videos741_x264,562,0,5610,0
Train,Normal,Normal_Videos742_x264,120,0,1190,0
Train,Normal,Normal_Videos743_x264,574,0,5730,0
Train,Normal,Normal_Videos744_x264,140,0,1390,0
Train,Normal,Normal_Videos746_x264,48,0,470,0
Train,Normal,Normal_Videos747_x264,181,0,1800,0
Train,Normal,Normal_Videos748_x264,73,0,720,0
Train,Normal,Normal_Videos749_x264,95,0,940,0
Train,Normal,Normal_Videos750_x264,106,0,1050,0
Train,Normal,Normal_Videos751_x264,90,0,890,0
Train,Normal,Normal_Videos752_x264,104,0,1030,0
Train,Normal,Normal_Videos753_x264,89,0,880,0
Train,Normal,Normal_Videos754_x264,163,0,1620,0
Train,Normal,Normal_Videos755_x264,163,0,1620,0
Train,Normal,Normal_Videos756_x264,63,0,620,0
Train,Normal,Normal_Videos757_x264,100,0,990,0
Train,Normal,Normal_Videos759_x264,90,0,890,0
Train,Normal,Normal_Videos760_x264,182,0,1810,0
Train,Normal,Normal_Videos761_x264,324,0,3230,0
Train,Normal,Normal_Videos762_x264,2237,0,22360,0
Train,Normal,Normal_Videos763_x264,363,0,3620,0
Train,Normal,Normal_Videos764_x264,360,0,3590,0
Train,Normal,Normal_Videos765_x264,97,0,960,0
Train,Normal,Normal_Videos766_x264,40,0,390,0
Train,Normal,Normal_Videos767_x264,181,0,1800,0
Train,Normal,Normal_Videos768_x264,101,0,1000,0
Train,Normal,Normal_Videos769_x264,5400,0,53990,0
Train,Normal,Normal_Videos770_x264,60,0,590,0
Train,Normal,Normal_Videos771_x264,247,0,2460,0
Train,Normal,Normal_Videos772_x264,133,0,1320,0
Train,Normal,Normal_Videos773_x264,308,0,3070,0
Train,Normal,Normal_Videos774_x264,183,0,1820,0
Train,Normal,Normal_Videos775_x264,206,0,2050,0
Train,Normal,Normal_Videos776_x264,821,0,8200,0
Train,Normal,Normal_Videos777_x264,717,0,7160,0
Train,Normal,Normal_Videos779_x264,40,0,390,0
Train,Normal,Normal_Videos784_x264,99,0,980,0
Train,Normal,Normal_Videos785_x264,8099,0,80980,0
Train,Normal,Normal_Videos786_x264,570,0,5690,0
Train,Normal,Normal_Videos787_x264,600,0,5990,0
Train,Normal,Normal_Videos788_x264,108,0,1070,0
Train,Normal,Normal_Videos789_x264,569,0,5680,0
Train,Normal,Normal_Videos790_x264,121,0,1200,0
Train,Normal,Normal_Videos791_x264,360,0,3590,0
Train,Normal,Normal_Videos792_x264,840,0,8390,0
Train,Normal,Normal_Videos793_x264,290,0,2890,0
Train,Normal,Normal_Videos794_x264,453,0,4520,0
Train,Normal,Normal_Videos795_x264,1329,0,13280,0
Train,Normal,Normal_Videos796_x264,1675,0,16740,0
Train,Normal,Normal_Videos797_x264,281,0,2800,0
Train,Normal,Normal_Videos799_x264,367,0,3660,0
Train,Normal,Normal_Videos800_x264,47,0,460,0
Train,Normal,Normal_Videos802_x264,272,0,2710,0
Train,Normal,Normal_Videos803_x264,273,0,2720,0
Train,Normal,Normal_Videos804_x264,273,0,2720,0
Train,Normal,Normal_Videos805_x264,273,0,2720,0
Train,Normal,Normal_Videos806_x264,272,0,2710,0
Train,Normal,Normal_Videos807_x264,272,0,2710,0
Train,Normal,Normal_Videos808_x264,272,0,2710,0
Train,Normal,Normal_Videos809_x264,272,0,2710,0
Train,Normal,Normal_Videos810_x264,272,0,2710,0
Train,Normal,Normal_Videos811_x264,272,0,2710,0
Train,Normal,Normal_Videos812_x264,272,0,2710,0
Train,Normal,Normal_Videos813_x264,272,0,2710,0
Train,Normal,Normal_Videos814_x264,272,0,2710,0
Train,Normal,Normal_Videos815_x264,272,0,2710,0
Train,Normal,Normal_Videos816_x264,272,0,2710,0
Train,Normal,Normal_Videos817_x264,272,0,2710,0
Train,Normal,Normal_Videos818_x264,66,0,650,0
Train,Normal,Normal_Videos819_x264,6213,0,62120,0
Train,Normal,Normal_Videos820_x264,68,0,670,0
Train,Normal,Normal_Videos821_x264,259,0,2580,0
Train,Normal,Normal_Videos822_x264,188,0,1870,0
Train,Normal,Normal_Videos823_x264,137,0,1360,0
Train,Normal,Normal_Videos824_x264,137,0,1360,0
Train,Normal,Normal_Videos825_x264,162,0,1610,0
Train,Normal,Normal_Videos826_x264,166,0,1650,0
Train,Normal,Normal_Videos827_x264,124,0,1230,0
Train,Normal,Normal_Videos829_x264,141,0,1400,0
Train,Normal,Normal_Videos830_x264,282,0,2810,0
Train,Normal,Normal_Videos832_x264,1416,0,14150,0
Train,Normal,Normal_Videos833_x264,260,0,2590,0
Train,Normal,Normal_Videos834_x264,315,0,3140,0
Train,Normal,Normal_Videos835_x264,257,0,2560,0
Train,Normal,Normal_Videos836_x264,3374,0,33730,0
Train,Normal,Normal_Videos837_x264,368,0,3670,0
Train,Normal,Normal_Videos838_x264,369,0,3680,0
Train,Normal,Normal_Videos839_x264,32,0,310,0
Train,Normal,Normal_Videos840_x264,49,0,480,0
Train,Normal,Normal_Videos841_x264,33,0,320,0
Train,Normal,Normal_Videos842_x264,92,0,910,0
Train,Normal,Normal_Videos843_x264,45,0,440,0
Train,Normal,Normal_Videos844_x264,68,0,670,0
Train,Normal,Normal_Videos845_x264,56,0,550,0
Train,Normal,Normal_Videos846_x264,182,0,1810,0
Train,Normal,Normal_Videos847_x264,357,0,3560,0
Train,Normal,Normal_Videos848_x264,253,0,2520,0
Train,Normal,Normal_Videos849_x264,326,0,3250,0
Train,Normal,Normal_Videos850_x264,217,0,2160,0
Train,Normal,Normal_Videos851_x264,200,0,1990,0
Train,Normal,Normal_Videos852_x264,277,0,2760,0
Train,Normal,Normal_Videos853_x264,111,0,1100,0
Train,Normal,Normal_Videos854_x264,1803,0,18020,0
Train,Normal,Normal_Videos855_x264,1804,0,18030,0
Train,Normal,Normal_Videos856_x264,1812,0,18110,0
Train,Normal,Normal_Videos857_x264,71,0,700,0
Train,Normal,Normal_Videos858_x264,122,0,1210,0
Train,Normal,Normal_Videos859_x264,73,0,720,0
Train,Normal,Normal_Videos860_x264,107,0,1060,0
Train,Normal,Normal_Videos861_x264,144,0,1430,0
Train,Normal,Normal_Videos862_x264,159,0,1580,0
Train,Normal,Normal_Videos863_x264,182,0,1810,0
Train,Normal,Normal_Videos864_x264,115,0,1140,0
Train,Normal,Normal_Videos865_x264,166,0,1650,0
Train,Normal,Normal_Videos916_x264,26,0,250,0
Train,Normal,Normal_Videos917_x264,99,0,980,0
Train,Normal,Normal_Videos918_x264,77,0,760,0
Train,Normal,Normal_Videos919_x264,37,0,360,0
Train,Normal,Normal_Videos920_x264,117,0,1160,0
Train,Normal,Normal_Videos921_x264,173,0,1720,0
Train,Normal,Normal_Videos922_x264,67,0,660,0
Train,Normal,Normal_Videos942_x264,72,0,710,0
Train,Normal,Normal_Videos945_x264,360,0,3590,0
Train,Normal,Normal_Videos946_x264,23504,0,235030,0
Train,Normal,Normal_Videos947_x264,18082,0,180810,0
Train,Normal,Normal_Videos948_x264,360,0,3590,0
Train,Normal,Normal_Videos949_x264,112,0,1110,0
Train,Normal,Normal_Videos950_x264,242,0,2410,0
Test,Abuse,Abuse028_x264,142,0,1410,1
Test,Abuse,Abuse030_x264,155,0,1540,1
Test,Arrest,Arrest001_x264,238,0,2370,1
Test,Arrest,Arrest007_x264,315,0,3140,1
Test,Arrest,Arrest024_x264,363,0,3620,1
Test,Arrest,Arrest030_x264,865,0,8640,1
Test,Arrest,Arrest039_x264,1584,0,15830,1
Test,Arson,Arson007_x264,626,0,6250,1
Test,Arson,Arson009_x264,75,0,740,1
Test,Arson,Arson010_x264,316,0,3150,1
Test,Arson,Arson011_x264,127,0,1260,1
Test,Arson,Arson016_x264,180,0,1790,1
Test,Arson,Arson018_x264,85,0,840,1
Test,Arson,Arson022_x264,864,0,8630,1
Test,Arson,Arson035_x264,144,0,1430,1
Test,Arson,Arson041_x264,376,0,3750,1
Test,Assault,Assault006_x264,810,0,8090,1
Test,Assault,Assault010_x264,1618,0,16170,1
Test,Assault,Assault011_x264,229,0,2280,1
Test,RoadAccidents,RoadAccidents001_x264,137,0,1360,1
Test,RoadAccidents,RoadAccidents002_x264,35,0,340,1
Test,RoadAccidents,RoadAccidents004_x264,39,0,380,1
Test,RoadAccidents,RoadAccidents009_x264,92,0,910,1
Test,RoadAccidents,RoadAccidents010_x264,53,0,520,1
Test,RoadAccidents,RoadAccidents011_x264,216,0,2150,1
Test,RoadAccidents,RoadAccidents012_x264,47,0,460,1
Test,RoadAccidents,RoadAccidents016_x264,220,0,2190,1
Test,RoadAccidents,RoadAccidents017_x264,25,0,240,1
Test,RoadAccidents,RoadAccidents019_x264,132,0,1310,1
Test,RoadAccidents,RoadAccidents020_x264,178,0,1770,1
Test,RoadAccidents,RoadAccidents021_x264,16,0,150,1
Test,RoadAccidents,RoadAccidents022_x264,72,0,710,1
Test,RoadAccidents,RoadAccidents121_x264,184,0,1830,1
Test,RoadAccidents,RoadAccidents122_x264,65,0,640,1
Test,RoadAccidents,RoadAccidents123_x264,101,0,1000,1
Test,RoadAccidents,RoadAccidents124_x264,150,0,1490,1
Test,RoadAccidents,RoadAccidents125_x264,178,0,1770,1
Test,RoadAccidents,RoadAccidents127_x264,258,0,2570,1
Test,RoadAccidents,RoadAccidents128_x264,57,0,560,1
Test,RoadAccidents,RoadAccidents131_x264,153,0,1520,1
Test,RoadAccidents,RoadAccidents132_x264,187,0,1860,1
Test,RoadAccidents,RoadAccidents133_x264,68,0,670,1
Test,Burglary,Burglary005_x264,773,0,7720,1
Test,Burglary,Burglary017_x264,212,0,2110,1
Test,Burglary,Burglary018_x264,113,0,1120,1
Test,Burglary,Burglary021_x264,154,0,1530,1
Test,Burglary,Burglary024_x264,361,0,3600,1
Test,Burglary,Burglary032_x264,1580,0,15790,1
Test,Burglary,Burglary033_x264,126,0,1250,1
Test,Burglary,Burglary035_x264,405,0,4040,1
Test,Burglary,Burglary037_x264,192,0,1910,1
Test,Burglary,Burglary061_x264,899,0,8980,1
Test,Burglary,Burglary076_x264,1293,0,12920,1
Test,Burglary,Burglary079_x264,1486,0,14850,1
Test,Burglary,Burglary092_x264,63,0,620,1
Test,Explosion,Explosion002_x264,402,0,4010,1
Test,Explosion,Explosion004_x264,191,0,1900,1
Test,Explosion,Explosion007_x264,1629,0,16280,1
Test,Explosion,Explosion008_x264,175,0,1740,1
Test,Explosion,Explosion010_x264,250,0,2490,1
Test,Explosion,Explosion011_x264,158,0,1570,1
Test,Explosion,Explosion013_x264,332,0,3310,1
Test,Explosion,Explosion016_x264,97,0,960,1
Test,Explosion,Explosion017_x264,165,0,1640,1
Test,Explosion,Explosion020_x264,130,0,1290,1
Test,Explosion,Explosion021_x264,79,0,780,1
Test,Explosion,Explosion022_x264,360,0,3590,1
Test,Explosion,Explosion025_x264,51,0,500,1
Test,Explosion,Explosion027_x264,78,0,770,1
Test,Explosion,Explosion028_x264,171,0,1700,1
Test,Explosion,Explosion029_x264,241,0,2400,1
Test,Explosion,Explosion033_x264,316,0,3150,1
Test,Explosion,Explosion035_x264,287,0,2860,1
Test,Explosion,Explosion036_x264,533,0,5320,1
Test,Explosion,Explosion039_x264,100,0,990,1
Test,Explosion,Explosion043_x264,765,0,7640,1
Test,Fighting,Fighting003_x264,311,0,3100,1
Test,Fighting,Fighting018_x264,139,0,1380,1
Test,Fighting,Fighting033_x264,111,0,1100,1
Test,Fighting,Fighting042_x264,224,0,2230,1
Test,Fighting,Fighting047_x264,446,0,4450,1
Test,Robbery,Robbery048_x264,141,0,1400,1
Test,Robbery,Robbery050_x264,171,0,1700,1
Test,Robbery,Robbery102_x264,183,0,1820,1
Test,Robbery,Robbery106_x264,120,0,1190,1
Test,Robbery,Robbery137_x264,220,0,2190,1
Test,Shooting,Shooting002_x264,121,0,1200,1
Test,Shooting,Shooting004_x264,180,0,1790,1
Test,Shooting,Shooting007_x264,143,0,1420,1
Test,Shooting,Shooting008_x264,163,0,1620,1
Test,Shooting,Shooting010_x264,265,0,2640,1
Test,Shooting,Shooting011_x264,401,0,4000,1
Test,Shooting,Shooting013_x264,108,0,1070,1
Test,Shooting,Shooting015_x264,172,0,1710,1
Test,Shooting,Shooting018_x264,180,0,1790,1
Test,Shooting,Shooting019_x264,276,0,2750,1
Test,Shooting,Shooting021_x264,128,0,1270,1
Test,Shooting,Shooting022_x264,456,0,4550,1
Test,Shooting,Shooting024_x264,201,0,2000,1
Test,Shooting,Shooting026_x264,141,0,1400,1
Test,Shooting,Shooting028_x264,190,0,1890,1
Test,Shooting,Shooting032_x264,2169,0,21680,1
Test,Shooting,Shooting033_x264,363,0,3620,1
Test,Shooting,Shooting034_x264,141,0,1400,1
Test,Shooting,Shooting037_x264,31,0,300,1
Test,Shooting,Shooting043_x264,188,0,1870,1
Test,Shooting,Shooting046_x264,509,0,5080,1
Test,Shooting,Shooting047_x264,829,0,8280,1
Test,Shooting,Shooting048_x264,275,0,2740,1
Test,Shoplifting,Shoplifting001_x264,435,0,4340,1
Test,Shoplifting,Shoplifting004_x264,668,0,6670,1
Test,Shoplifting,Shoplifting005_x264,197,0,1960,1
Test,Shoplifting,Shoplifting007_x264,513,0,5120,1
Test,Shoplifting,Shoplifting010_x264,274,0,2730,1
Test,Shoplifting,Shoplifting015_x264,226,0,2250,1
Test,Shoplifting,Shoplifting016_x264,149,0,1480,1
Test,Shoplifting,Shoplifting017_x264,46,0,450,1
Test,Shoplifting,Shoplifting020_x264,577,0,5760,1
Test,Shoplifting,Shoplifting021_x264,356,0,3550,1
Test,Shoplifting,Shoplifting022_x264,220,0,2190,1
Test,Shoplifting,Shoplifting027_x264,188,0,1870,1
Test,Shoplifting,Shoplifting028_x264,136,0,1350,1
Test,Shoplifting,Shoplifting029_x264,218,0,2170,1
Test,Shoplifting,Shoplifting031_x264,45,0,440,1
Test,Shoplifting,Shoplifting033_x264,90,0,890,1
Test,Shoplifting,Shoplifting034_x264,1194,0,11930,1
Test,Shoplifting,Shoplifting037_x264,139,0,1380,1
Test,Shoplifting,Shoplifting039_x264,281,0,2800,1
Test,Shoplifting,Shoplifting044_x264,1456,0,14550,1
Test,Shoplifting,Shoplifting049_x264,215,0,2140,1
Test,Stealing,Stealing019_x264,492,0,4910,1
Test,Stealing,Stealing036_x264,251,0,2500,1
Test,Stealing,Stealing058_x264,500,0,4990,1
Test,Stealing,Stealing062_x264,156,0,1550,1
Test,Stealing,Stealing079_x264,585,0,5840,1
Test,Vandalism,Vandalism007_x264,115,0,1140,1
Test,Vandalism,Vandalism015_x264,299,0,2980,1
Test,Vandalism,Vandalism017_x264,102,0,1010,1
Test,Vandalism,Vandalism028_x264,450,0,4490,1
Test,Vandalism,Vandalism036_x264,145,0,1440,1
Test,Normal,Normal_Videos_003_x264,283,0,2820,0
Test,Normal,Normal_Videos_006_x264,45,0,440,0
Test,Normal,Normal_Videos_010_x264,106,0,1050,0
Test,Normal,Normal_Videos_014_x264,150,0,1490,0
Test,Normal,Normal_Videos_015_x264,48,0,470,0
Test,Normal,Normal_Videos_018_x264,119,0,1180,0
Test,Normal,Normal_Videos_019_x264,285,0,2840,0
Test,Normal,Normal_Videos_024_x264,108,0,1070,0
Test,Normal,Normal_Videos_025_x264,61,0,600,0
Test,Normal,Normal_Videos_027_x264,493,0,4920,0
Test,Normal,Normal_Videos_033_x264,168,0,1670,0
Test,Normal,Normal_Videos_034_x264,132,0,1310,0
Test,Normal,Normal_Videos_041_x264,127,0,1260,0
Test,Normal,Normal_Videos_042_x264,316,0,3150,0
Test,Normal,Normal_Videos_048_x264,165,0,1640,0
Test,Normal,Normal_Videos_050_x264,420,0,4190,0
Test,Normal,Normal_Videos_051_x264,236,0,2350,0
Test,Normal,Normal_Videos_056_x264,158,0,1570,0
Test,Normal,Normal_Videos_059_x264,184,0,1830,0
Test,Normal,Normal_Videos_063_x264,36,0,350,0
Test,Normal,Normal_Videos_067_x264,107,0,1060,0
Test,Normal,Normal_Videos_070_x264,100,0,990,0
Test,Normal,Normal_Videos_100_x264,63,0,620,0
Test,Normal,Normal_Videos_129_x264,47,0,460,0
Test,Normal,Normal_Videos_150_x264,87,0,860,0
Test,Normal,Normal_Videos_168_x264,174,0,1730,0
Test,Normal,Normal_Videos_175_x264,885,0,8840,0
Test,Normal,Normal_Videos_182_x264,410,0,4090,0
Test,Normal,Normal_Videos_189_x264,74,0,730,0
Test,Normal,Normal_Videos_196_x264,201,0,2000,0
Test,Normal,Normal_Videos_203_x264,258,0,2570,0
Test,Normal,Normal_Videos_210_x264,541,0,5400,0
Test,Normal,Normal_Videos_217_x264,182,0,1810,0
Test,Normal,Normal_Videos_224_x264,696,0,6950,0
Test,Normal,Normal_Videos_246_x264,500,0,4990,0
Test,Normal,Normal_Videos_247_x264,822,0,8210,0
Test,Normal,Normal_Videos_248_x264,114,0,1130,0
Test,Normal,Normal_Videos_251_x264,41,0,400,0
Test,Normal,Normal_Videos_289_x264,87,0,860,0
Test,Normal,Normal_Videos_310_x264,252,0,2510,0
Test,Normal,Normal_Videos_312_x264,127,0,1260,0
Test,Normal,Normal_Videos_317_x264,93,0,920,0
Test,Normal,Normal_Videos_345_x264,21,0,200,0
Test,Normal,Normal_Videos_352_x264,541,0,5400,0
Test,Normal,Normal_Videos_360_x264,99,0,980,0
Test,Normal,Normal_Videos_365_x264,663,0,6620,0
Test,Normal,Normal_Videos_401_x264,163,0,1620,0
Test,Normal,Normal_Videos_417_x264,108,0,1070,0
Test,Normal,Normal_Videos_439_x264,423,0,4220,0
Test,Normal,Normal_Videos_452_x264,45,0,440,0
Test,Normal,Normal_Videos_453_x264,533,0,5320,0
Test,Normal,Normal_Videos_478_x264,451,0,4500,0
Test,Normal,Normal_Videos_576_x264,1128,0,11270,0
Test,Normal,Normal_Videos_597_x264,223,0,2220,0
Test,Normal,Normal_Videos_603_x264,328,0,3270,0
Test,Normal,Normal_Videos_606_x264,124,0,1230,0
Test,Normal,Normal_Videos_621_x264,481,0,4800,0
Test,Normal,Normal_Videos_634_x264,1346,0,13450,0
Test,Normal,Normal_Videos_641_x264,360,0,3590,0
Test,Normal,Normal_Videos_656_x264,182,0,1810,0
Test,Normal,Normal_Videos_686_x264,241,0,2400,0
Test,Normal,Normal_Videos_696_x264,363,0,3620,0
Test,Normal,Normal_Videos_702_x264,253,0,2520,0
Test,Normal,Normal_Videos_704_x264,170,0,1690,0
Test,Normal,Normal_Videos_710_x264,180,0,1790,0
Test,Normal,Normal_Videos_717_x264,126,0,1250,0
Test,Normal,Normal_Videos_722_x264,874,0,8730,0
Test,Normal,Normal_Videos_725_x264,92,0,910,0
Test,Normal,Normal_Videos_745_x264,31,0,300,0
Test,Normal,Normal_Videos_758_x264,159,0,1580,0
Test,Normal,Normal_Videos_778_x264,127,0,1260,0
Test,Normal,Normal_Videos_780_x264,203,0,2020,0
Test,Normal,Normal_Videos_781_x264,398,0,3970,0
Test,Normal,Normal_Videos_782_x264,555,0,5540,0
Test,Normal,Normal_Videos_783_x264,959,0,9580,0
Test,Normal,Normal_Videos_798_x264,601,0,6000,0
Test,Normal,Normal_Videos_801_x264,275,0,2740,0
Test,Normal,Normal_Videos_828_x264,93,0,920,0
Test,Normal,Normal_Videos_831_x264,45,0,440,0
Test,Normal,Normal_Videos_866_x264,120,0,1190,0
Test,Normal,Normal_Videos_867_x264,63,0,620,0
Test,Normal,Normal_Videos_868_x264,241,0,2400,0
Test,Normal,Normal_Videos_869_x264,241,0,2400,0
Test,Normal,Normal_Videos_870_x264,61,0,600,0
Test,Normal,Normal_Videos_871_x264,436,0,4350,0
Test,Normal,Normal_Videos_872_x264,53,0,520,0
Test,Normal,Normal_Videos_873_x264,180,0,1790,0
Test,Normal,Normal_Videos_874_x264,423,0,4220,0
Test,Normal,Normal_Videos_875_x264,257,0,2560,0
Test,Normal,Normal_Videos_876_x264,36,0,350,0
Test,Normal,Normal_Videos_877_x264,1003,0,10020,0
Test,Normal,Normal_Videos_878_x264,27,0,260,0
Test,Normal,Normal_Videos_879_x264,115,0,1140,0
Test,Normal,Normal_Videos_880_x264,1806,0,18050,0
Test,Normal,Normal_Videos_881_x264,23,0,220,0
Test,Normal,Normal_Videos_882_x264,166,0,1650,0
Test,Normal,Normal_Videos_883_x264,33,0,320,0
Test,Normal,Normal_Videos_884_x264,903,0,9020,0
Test,Normal,Normal_Videos_885_x264,48,0,470,0
Test,Normal,Normal_Videos_886_x264,275,0,2740,0
Test,Normal,Normal_Videos_887_x264,763,0,7620,0
Test,Normal,Normal_Videos_888_x264,58,0,570,0
Test,Normal,Normal_Videos_889_x264,32,0,310,0
Test,Normal,Normal_Videos_890_x264,358,0,3570,0
Test,Normal,Normal_Videos_891_x264,180,0,1790,0
Test,Normal,Normal_Videos_892_x264,177,0,1760,0
Test,Normal,Normal_Videos_893_x264,638,0,6370,0
Test,Normal,Normal_Videos_894_x264,258,0,2570,0
Test,Normal,Normal_Videos_895_x264,303,0,3020,0
Test,Normal,Normal_Videos_896_x264,231,0,2300,0
Test,Normal,Normal_Videos_897_x264,88,0,870,0
Test,Normal,Normal_Videos_898_x264,101,0,1000,0
Test,Normal,Normal_Videos_899_x264,138,0,1370,0
Test,Normal,Normal_Videos_900_x264,146,0,1450,0
Test,Normal,Normal_Videos_901_x264,117,0,1160,0
Test,Normal,Normal_Videos_902_x264,139,0,1380,0
Test,Normal,Normal_Videos_903_x264,79,0,780,0
Test,Normal,Normal_Videos_904_x264,91,0,900,0
Test,Normal,Normal_Videos_905_x264,120,0,1190,0
Test,Normal,Normal_Videos_906_x264,68,0,670,0
Test,Normal,Normal_Videos_907_x264,60,0,590,0
Test,Normal,Normal_Videos_908_x264,89,0,880,0
Test,Normal,Normal_Videos_909_x264,87,0,860,0
Test,Normal,Normal_Videos_910_x264,57,0,560,0
Test,Normal,Normal_Videos_911_x264,78,0,770,0
Test,Normal,Normal_Videos_912_x264,75,0,740,0
Test,Normal,Normal_Videos_913_x264,61,0,600,0
Test,Normal,Normal_Videos_914_x264,88,0,870,0
Test,Normal,Normal_Videos_915_x264,125,0,1240,0
Test,Normal,Normal_Videos_923_x264,1823,0,18220,0
Test,Normal,Normal_Videos_924_x264,10800,0,107990,0
Test,Normal,Normal_Videos_925_x264,773,0,7720,0
Test,Normal,Normal_Videos_926_x264,180,0,1790,0
Test,Normal,Normal_Videos_927_x264,164,0,1630,0
Test,Normal,Normal_Videos_928_x264,92,0,910,0
Test,Normal,Normal_Videos_929_x264,93,0,920,0
Test,Normal,Normal_Videos_930_x264,319,0,3180,0
Test,Normal,Normal_Videos_931_x264,177,0,1760,0
Test,Normal,Normal_Videos_932_x264,179,0,1780,0
Test,Normal,Normal_Videos_933_x264,178,0,1770,0
Test,Normal,Normal_Videos_934_x264,177,0,1760,0
Test,Normal,Normal_Videos_935_x264,10800,0,107990,0
Test,Normal,Normal_Videos_936_x264,115,0,1140,0
Test,Normal,Normal_Videos_937_x264,115,0,1140,0
Test,Normal,Normal_Videos_938_x264,483,0,4820,0
Test,Normal,Normal_Videos_939_x264,81,0,800,0
Test,Normal,Normal_Videos_940_x264,3602,0,36010,0
Test,Normal,Normal_Videos_941_x264,202,0,2010,0
Test,Normal,Normal_Videos_943_x264,102,0,1010,0
Test,Normal,Normal_Videos_944_x264,717,0,7160,0
